[1. 0. 0.],[1. 1. 0.],[0. 1. 0.],,0.646255629088227
[1. 0. 0.],[1. 1. 0.],,,-0.6644446037752064
[0. 1. 1.],[1. 1. 0.],[0. 0. 1.],[1. 1. 0.],-0.00032282767871100155
[1. 1. 1.],[1. 1. 0.],,,-0.13999154414650652
[1. 0. 0.],[1. 0. 1.],[1. 0. 1.],,-0.012014444512950874
[0. 1. 1.],[1. 0. 1.],[1. 0. 1.],,-0.31379326481473735
[1. 0. 0.],[0. 1. 0.],[0. 1. 0.],,0.16229306993882942
[0. 0. 1.],[0. 0. 1.],[1. 1. 0.],[0. 1. 1.],0.06356109636137705
[1. 0. 0.],[1. 0. 0.],,,0.13289423318390509
[1. 0. 0.],[0. 0. 1.],[1. 1. 1.],[0. 0. 1.],0.07386567968461641
[1. 0. 0.],[1. 1. 0.],[0. 1. 0.],,0.646255629088227
[1. 0. 0.],[1. 1. 0.],,,-0.6644446037752064
[0. 1. 1.],[1. 1. 0.],[0. 0. 1.],[1. 1. 0.],-0.00032282767871100155
[1. 1. 1.],[1. 1. 0.],,,-0.13999154414650652
[1. 0. 0.],[1. 0. 1.],[1. 0. 1.],,-0.012014444512950874
[0. 1. 1.],[1. 0. 0.],[1. 0. 1.],,-0.7034606703578737
[1. 0. 0.],[0. 1. 0.],,,5.605025989965393e-06
[0. 0. 1.],[0. 0. 1.],[1. 1. 0.],[0. 1. 1.],0.06356109636137705
[1. 0. 0.],[1. 0. 0.],,,0.13289423318390509
[1. 0. 0.],[0. 0. 1.],[1. 1. 1.],,2.1383536523342567e-05
[1. 0. 0.],[1. 1. 0.],[0. 1. 0.],[1. 1. 1.],-0.11996217235741832
[1. 0. 0.],[1. 1. 0.],,,-0.6644446037752064
[0. 1. 1.],[1. 1. 0.],[0. 0. 1.],[1. 1. 0.],-0.00032282767871100155
[1. 1. 1.],[1. 1. 0.],,,-0.13999154414650652
[1. 0. 0.],[1. 0. 1.],[1. 0. 1.],,-0.2400812017908207
[0. 1. 1.],[1. 0. 0.],[1. 0. 1.],,-0.7034606703578737
[1. 0. 0.],[0. 1. 0.],[0. 1. 1.],,-0.08349351254952572
[0. 0. 1.],[0. 0. 1.],[1. 1. 0.],[0. 1. 1.],0.06356109636137705
[1. 0. 0.],[1. 0. 0.],[1. 0. 0.],,-0.09850224857816786
[1. 0. 0.],[0. 0. 1.],,,5.605025989965393e-06
[1. 0. 0.],[1. 1. 0.],[0. 1. 0.],[1. 1. 1.],-0.11996217235741832
[1. 0. 0.],[1. 1. 0.],,,-0.6644446037752064
[0. 1. 1.],[1. 1. 0.],[0. 0. 1.],[1. 1. 0.],-0.00032282767871100155
[0. 1. 1.],[1. 1. 0.],,,-0.6272757828231116
[1. 0. 0.],[1. 0. 1.],[1. 0. 1.],,-0.2400812017908207
[0. 1. 1.],[1. 0. 0.],[1. 0. 1.],,-0.7034606703578737
[1. 0. 0.],[0. 1. 1.],[0. 1. 1.],,-0.20006504382976698
[0. 0. 1.],[0. 0. 1.],[1. 0. 0.],[0. 1. 1.],0.04521661936493473
[1. 0. 0.],[1. 0. 0.],[1. 0. 0.],,-0.09850224857816786
[1. 0. 0.],[0. 0. 1.],,,5.605025989965393e-06
[1. 0. 0.],[1. 1. 0.],[0. 1. 0.],[1. 1. 1.],-0.11996217235741832
[1. 0. 0.],[1. 1. 0.],,,-0.6644446037752064
[0. 1. 1.],[1. 1. 0.],[1. 0. 1.],[1. 1. 0.],-0.1296809133523483
[0. 1. 1.],[1. 1. 0.],,,-0.6272757828231116
[1. 0. 0.],[1. 0. 1.],[1. 0. 1.],,-0.2400812017908207
[0. 1. 1.],[1. 0. 0.],[1. 0. 1.],,-0.7034606703578737
[1. 0. 0.],[0. 1. 1.],[0. 1. 1.],,-0.20006504382976698
[0. 1. 1.],[0. 0. 1.],[1. 0. 0.],[0. 1. 1.],-0.20248818952589953
[1. 0. 0.],[1. 0. 0.],[1. 0. 0.],,-0.09850224857816786
[1. 0. 0.],[0. 0. 1.],,,5.605025989965393e-06
[1. 0. 0.],[1. 1. 0.],[0. 1. 0.],[1. 1. 1.],-0.11996217235741832
[1. 0. 0.],[1. 1. 0.],,,-0.6644446037752064
[0. 1. 1.],[1. 0. 0.],[1. 0. 1.],[1. 1. 0.],-0.4382871060147761
[0. 1. 1.],[1. 1. 0.],,,-0.6272757828231116
[1. 0. 0.],[0. 0. 1.],[1. 0. 1.],,-0.32720161086711735
[0. 1. 1.],[1. 0. 0.],[1. 0. 1.],,-0.7034606703578737
[1. 0. 0.],[0. 1. 1.],[0. 1. 1.],,-0.20006504382976698
[0. 1. 1.],[0. 0. 1.],[1. 0. 0.],[0. 1. 1.],-0.20248818952589953
[1. 0. 0.],[1. 0. 0.],[1. 0. 0.],,-0.09850224857816786
[1. 0. 0.],[0. 0. 1.],[1. 0. 1.],,-0.029867561062842357
[1. 0. 0.],[1. 1. 0.],[0. 1. 0.],[1. 1. 1.],-0.11996217235741832
[1. 0. 0.],[1. 1. 0.],,,-0.6644446037752064
[0. 1. 1.],[1. 0. 0.],[1. 0. 1.],[1. 1. 0.],-0.4382871060147761
[0. 1. 1.],[1. 1. 0.],[0. 1. 1.],,-0.9110779086306241
[1. 0. 0.],[0. 0. 1.],[1. 0. 0.],,-0.5763991067378708
[0. 1. 1.],[1. 0. 0.],[1. 0. 1.],,-0.7034606703578737
[1. 0. 0.],[0. 1. 1.],[0. 1. 1.],,-0.20006504382976698
[0. 1. 1.],[0. 0. 1.],[1. 0. 0.],[0. 1. 1.],-0.20248818952589953
[1. 0. 0.],[1. 0. 0.],[1. 0. 0.],,-0.09850224857816786
[1. 0. 0.],[0. 0. 1.],[1. 0. 1.],,-0.029867561062842357
[1. 0. 0.],[1. 1. 0.],[0. 1. 0.],[1. 1. 0.],-0.30026567104252916
[1. 0. 0.],[1. 1. 0.],,,-0.6644446037752064
[0. 1. 1.],[1. 0. 0.],[1. 0. 1.],[1. 1. 0.],-0.4382871060147761
[0. 1. 1.],[1. 1. 0.],[0. 1. 1.],,-0.9110779086306241
[1. 0. 0.],[0. 0. 1.],[1. 0. 0.],,-0.5763991067378708
[0. 1. 1.],[1. 0. 0.],[1. 0. 1.],,-0.7034606703578737
[1. 0. 0.],[0. 1. 1.],[0. 1. 1.],,-0.20006504382976698
[0. 1. 1.],[0. 0. 1.],[1. 0. 0.],[1. 1. 1.],-0.3184155958134458
[1. 0. 0.],[1. 0. 0.],[1. 0. 0.],,-0.09850224857816786
[1. 0. 0.],[0. 1. 1.],[1. 0. 1.],,-0.13796279057662292
[1. 0. 0.],[1. 1. 0.],[0. 1. 0.],[1. 1. 0.],-0.30026567104252916
[1. 0. 0.],[1. 1. 0.],[0. 0. 1.],,-0.8492569890251873
[0. 1. 1.],[1. 0. 0.],[1. 0. 1.],[1. 1. 0.],-0.4382871060147761
[0. 1. 1.],[1. 1. 0.],[0. 1. 1.],,-0.9110779086306241
[1. 0. 0.],[0. 0. 1.],[1. 0. 0.],,-0.5763991067378708
[0. 1. 1.],[1. 0. 0.],[1. 0. 1.],,-0.7034606703578737
[1. 0. 0.],[0. 1. 1.],[0. 1. 0.],,-0.6728196294578099
[0. 1. 1.],[0. 0. 1.],[1. 0. 0.],[1. 1. 1.],-0.3184155958134458
[1. 0. 0.],[1. 0. 0.],[1. 0. 0.],,-0.09850224857816786
[1. 0. 0.],[0. 1. 1.],[1. 0. 1.],[0. 1. 1.],-0.23796100766374123
[1. 0. 0.],[1. 1. 0.],[0. 1. 0.],[1. 1. 0.],-0.30026567104252916
[1. 0. 0.],[1. 1. 0.],[0. 0. 1.],,-0.8492569890251873
[0. 1. 1.],[1. 0. 0.],[1. 0. 1.],[1. 1. 0.],-0.4382871060147761
[0. 1. 1.],[1. 1. 0.],[0. 1. 1.],,-0.9110779086306241
[1. 0. 0.],[0. 0. 1.],[1. 0. 0.],,-0.5763991067378708
[0. 1. 1.],[1. 0. 0.],[1. 0. 1.],,-0.7034606703578737
[1. 0. 0.],[0. 1. 1.],[0. 1. 0.],,-0.6728196294578099
[0. 1. 1.],[0. 0. 1.],[1. 0. 0.],[1. 1. 1.],-0.3184155958134458
[1. 0. 0.],[1. 0. 0.],[1. 0. 0.],[0. 1. 0.],-0.18741692373317875
[1. 0. 0.],[0. 1. 1.],[1. 0. 1.],[0. 1. 1.],-0.23796100766374123
[1. 0. 0.],[1. 1. 0.],[0. 1. 0.],[1. 1. 0.],-0.30026567104252916
[1. 0. 0.],[1. 1. 0.],[0. 0. 1.],,-0.8492569890251873
[0. 1. 1.],[1. 0. 0.],[1. 0. 1.],[1. 1. 0.],-0.4382871060147761
[0. 1. 1.],[1. 1. 0.],[0. 1. 1.],,-0.9110779086306241
[1. 0. 0.],[0. 0. 1.],[1. 0. 0.],,-0.5763991067378708
[0. 1. 1.],[1. 0. 0.],[1. 0. 1.],,-0.7034606703578737
[1. 0. 0.],[0. 1. 1.],[0. 1. 0.],,-0.6728196294578099
[0. 1. 1.],[0. 0. 1.],[1. 0. 0.],[1. 1. 1.],-0.3184155958134458
[1. 0. 0.],[1. 0. 0.],[1. 0. 0.],[0. 1. 0.],-0.18741692373317875
[1. 0. 0.],[0. 1. 1.],[1. 0. 1.],[0. 1. 1.],-0.23796100766374123
[1. 0. 0.],[1. 1. 0.],[0. 1. 0.],[1. 0. 0.],-0.6491432809752036
[1. 0. 0.],[1. 1. 0.],[0. 0. 1.],,-0.8492569890251873
[0. 1. 1.],[1. 0. 0.],[1. 0. 1.],[1. 1. 0.],-0.4382871060147761
[0. 1. 1.],[1. 1. 0.],[0. 1. 1.],,-0.9110779086306241
[1. 0. 0.],[0. 0. 1.],[1. 0. 0.],,-0.5763991067378708
[0. 1. 1.],[1. 0. 0.],[1. 0. 1.],,-0.7034606703578737
[1. 0. 0.],[0. 1. 1.],[0. 1. 0.],,-0.6728196294578099
[0. 1. 1.],[0. 0. 1.],[1. 0. 0.],[1. 1. 1.],-0.3184155958134458
[1. 0. 0.],[1. 0. 0.],[1. 0. 0.],[0. 1. 0.],-0.18741692373317875
[1. 0. 0.],[0. 1. 1.],[1. 1. 1.],[0. 1. 1.],-0.2431541382422618
[1. 0. 0.],[1. 1. 0.],[0. 1. 0.],[1. 0. 0.],-0.6491432809752036
[1. 0. 0.],[1. 1. 0.],[0. 0. 1.],,-0.8492569890251873
[0. 1. 1.],[1. 0. 0.],[1. 0. 1.],[1. 1. 0.],-0.4382871060147761
[0. 1. 1.],[1. 1. 0.],[0. 1. 1.],,-0.9110779086306241
[1. 0. 0.],[0. 0. 1.],[1. 0. 0.],,-0.5763991067378708
[0. 1. 1.],[1. 0. 0.],[1. 0. 1.],,-0.7034606703578737
[1. 0. 0.],[0. 1. 1.],[0. 1. 0.],,-0.6728196294578099
[0. 1. 1.],[0. 0. 1.],[1. 0. 0.],[1. 1. 1.],-0.3184155958134458
[1. 0. 0.],[1. 0. 0.],[1. 0. 0.],[0. 1. 0.],-0.18741692373317875
[1. 0. 0.],[0. 1. 1.],[1. 1. 1.],[0. 1. 1.],-0.2431541382422618
[1. 0. 0.],[1. 1. 0.],[0. 1. 0.],[1. 0. 0.],-0.6491432809752036
[1. 0. 0.],[1. 1. 0.],[0. 0. 1.],,-0.8492569890251873
[0. 1. 1.],[1. 0. 0.],[1. 0. 1.],[1. 1. 0.],-0.4382871060147761
[0. 1. 1.],[1. 1. 0.],[0. 1. 1.],,-0.9110779086306241
[1. 0. 0.],[0. 0. 1.],[1. 0. 0.],,-0.5763991067378708
[0. 1. 1.],[1. 0. 0.],[1. 0. 1.],,-0.7034606703578737
[1. 0. 0.],[0. 1. 1.],[0. 1. 0.],,-0.6728196294578099
[0. 1. 1.],[0. 0. 1.],[1. 0. 0.],[1. 1. 1.],-0.3184155958134458
[1. 0. 0.],[1. 0. 0.],[1. 0. 0.],[0. 1. 0.],-0.18741692373317875
[1. 0. 0.],[0. 1. 1.],[1. 1. 1.],[0. 1. 1.],-0.2431541382422618
[1. 0. 0.],[1. 1. 0.],[0. 1. 0.],[1. 0. 0.],-0.6491432809752036
[1. 0. 0.],[1. 1. 0.],[0. 0. 1.],,-0.8492569890251873
[0. 1. 1.],[1. 0. 0.],[1. 0. 1.],[1. 1. 0.],-0.4382871060147761
[0. 1. 1.],[1. 1. 0.],[0. 1. 1.],,-0.9110779086306241
[1. 0. 0.],[0. 0. 1.],[1. 0. 0.],,-0.5763991067378708
[0. 1. 1.],[1. 0. 0.],[1. 0. 1.],,-0.7034606703578737
[1. 0. 0.],[0. 1. 1.],[0. 1. 0.],,-0.6728196294578099
[0. 1. 1.],[0. 0. 1.],[1. 0. 0.],[1. 1. 1.],-0.3184155958134458
[1. 0. 0.],[1. 0. 0.],[1. 0. 0.],[0. 1. 0.],-0.18741692373317875
[1. 0. 0.],[0. 1. 1.],[1. 1. 1.],[0. 1. 1.],-0.2431541382422618
[1. 0. 0.],[1. 1. 0.],[0. 1. 0.],[1. 0. 0.],-0.6491432809752036
[1. 0. 0.],[1. 1. 0.],[0. 0. 1.],,-0.8492569890251873
[0. 1. 1.],[1. 0. 0.],[1. 0. 1.],[1. 1. 0.],-0.5113480293809963
[0. 1. 1.],[1. 1. 0.],[0. 1. 1.],,-0.9110779086306241
[1. 0. 0.],[0. 0. 1.],[1. 0. 0.],,-0.5763991067378708
[0. 1. 1.],[1. 0. 0.],[1. 0. 1.],,-0.7034606703578737
[1. 0. 0.],[0. 1. 1.],[0. 1. 0.],,-0.6728196294578099
[0. 1. 1.],[0. 0. 1.],[1. 0. 0.],[1. 1. 1.],-0.3184155958134458
[1. 0. 0.],[1. 0. 0.],[1. 0. 0.],[0. 1. 0.],-0.18741692373317875
[1. 0. 0.],[0. 1. 1.],[1. 1. 1.],[0. 1. 1.],-0.26920830299779813
[1. 0. 0.],[1. 1. 0.],[0. 1. 0.],[1. 0. 0.],-0.6491432809752036
[1. 0. 0.],[1. 1. 0.],[0. 0. 1.],,-0.8492569890251873
[0. 1. 1.],[1. 0. 0.],[1. 0. 1.],[1. 1. 0.],-0.5113480293809963
[0. 1. 1.],[1. 1. 0.],[0. 1. 1.],,-0.9110779086306241
[1. 0. 0.],[0. 0. 1.],[1. 0. 0.],,-0.5763991067378708
[0. 1. 1.],[1. 0. 0.],[1. 0. 1.],,-0.7034606703578737
[1. 0. 0.],[0. 1. 1.],[0. 1. 0.],,-0.6728196294578099
[0. 1. 1.],[0. 0. 1.],[1. 0. 0.],[1. 1. 1.],-0.3184155958134458
[1. 0. 0.],[1. 0. 0.],[1. 0. 0.],[0. 1. 0.],-0.18741692373317875
[1. 0. 0.],[0. 1. 1.],[1. 1. 1.],[0. 1. 1.],-0.26920830299779813
[1. 0. 0.],[1. 1. 0.],[0. 1. 0.],[1. 0. 0.],-0.6491432809752036
[1. 0. 0.],[1. 1. 0.],[0. 0. 1.],,-0.8492569890251873
[0. 1. 1.],[1. 0. 0.],[1. 0. 1.],[1. 1. 0.],-0.5113480293809963
[0. 1. 1.],[1. 1. 0.],[0. 1. 1.],,-0.9110779086306241
[1. 0. 0.],[0. 0. 1.],[1. 0. 0.],,-0.5763991067378708
[0. 1. 1.],[1. 0. 0.],[1. 0. 1.],,-0.7034606703578737
[1. 0. 0.],[0. 1. 1.],[0. 1. 0.],,-0.6728196294578099
[0. 1. 1.],[0. 0. 1.],[1. 0. 0.],[1. 1. 1.],-0.3184155958134458
[1. 0. 0.],[1. 0. 0.],[1. 0. 0.],[0. 1. 0.],-0.21822548065807967
[1. 0. 0.],[0. 1. 1.],[1. 1. 1.],[0. 1. 1.],-0.26920830299779813
[1. 0. 0.],[1. 1. 0.],[0. 1. 0.],[1. 0. 0.],-0.6491432809752036
[1. 0. 0.],[1. 1. 0.],[0. 0. 1.],,-0.899284490006448
[0. 1. 1.],[1. 0. 0.],[1. 0. 1.],[1. 1. 0.],-0.5113480293809963
[0. 1. 1.],[1. 1. 0.],[0. 1. 1.],,-0.9110779086306241
[1. 0. 0.],[0. 0. 1.],[1. 0. 0.],,-0.5763991067378708
[0. 1. 1.],[1. 0. 0.],[1. 0. 1.],,-0.7034606703578737
[1. 0. 0.],[0. 1. 1.],[0. 1. 0.],,-0.6728196294578099
[0. 1. 1.],[0. 0. 1.],[1. 0. 0.],[1. 1. 1.],-0.3184155958134458
[1. 0. 0.],[1. 0. 0.],[1. 0. 0.],[0. 1. 0.],-0.21822548065807967
[1. 0. 0.],[0. 1. 1.],[1. 1. 1.],[0. 1. 1.],-0.26920830299779813
[1. 0. 0.],[1. 1. 0.],[0. 1. 0.],[1. 0. 0.],-0.6491432809752036
[1. 0. 0.],[1. 1. 0.],[0. 0. 1.],,-0.899284490006448
[0. 1. 1.],[1. 0. 0.],[1. 0. 1.],[1. 1. 0.],-0.5113480293809963
[0. 1. 1.],[1. 1. 0.],[0. 1. 1.],,-0.9110779086306241
[1. 0. 0.],[0. 0. 1.],[1. 0. 0.],,-0.5763991067378708
[0. 1. 1.],[1. 0. 0.],[1. 0. 1.],,-0.7034606703578737
[1. 0. 0.],[0. 1. 1.],[0. 1. 0.],,-0.6728196294578099
[0. 1. 1.],[0. 0. 1.],[1. 0. 0.],[1. 1. 1.],-0.3184155958134458
[1. 0. 0.],[1. 0. 0.],[1. 0. 0.],[0. 1. 0.],-0.21822548065807967
[1. 0. 0.],[0. 1. 1.],[1. 1. 1.],[0. 1. 1.],-0.26920830299779813
[1. 0. 0.],[1. 1. 0.],[0. 1. 0.],[1. 0. 0.],-0.6491432809752036
[1. 0. 0.],[1. 1. 0.],[0. 0. 1.],,-0.899284490006448
[0. 1. 1.],[1. 0. 0.],[1. 0. 1.],[1. 1. 0.],-0.5113480293809963
[0. 1. 1.],[1. 1. 0.],[0. 1. 1.],,-0.9110779086306241
[1. 0. 0.],[0. 0. 1.],[1. 0. 0.],,-0.5763991067378708
[0. 1. 1.],[1. 0. 0.],[1. 0. 1.],,-0.7034606703578737
[1. 0. 0.],[0. 1. 1.],[0. 1. 0.],,-0.6728196294578099
[0. 1. 1.],[0. 0. 1.],[1. 0. 0.],[1. 1. 1.],-0.3184155958134458
[1. 0. 0.],[1. 0. 0.],[1. 0. 0.],[0. 1. 0.],-0.21822548065807967
[1. 0. 0.],[0. 1. 1.],[1. 1. 1.],[0. 1. 1.],-0.26920830299779813
[1. 0. 0.],[1. 1. 0.],[0. 1. 0.],[1. 0. 0.],-0.6491432809752036
[1. 0. 0.],[1. 1. 0.],[0. 0. 1.],,-0.899284490006448
[0. 1. 1.],[1. 0. 0.],[1. 0. 1.],[1. 1. 0.],-0.5113480293809963
[0. 1. 1.],[1. 1. 0.],[0. 1. 1.],,-0.9110779086306241
[1. 0. 0.],[0. 0. 1.],[1. 0. 0.],,-0.5763991067378708
[0. 1. 1.],[1. 0. 0.],[1. 0. 1.],,-0.7034606703578737
[1. 0. 0.],[0. 1. 1.],[0. 1. 0.],,-0.6728196294578099
[0. 1. 1.],[0. 0. 1.],[1. 0. 0.],[1. 1. 1.],-0.3184155958134458
[1. 0. 0.],[1. 0. 0.],[1. 0. 0.],[0. 1. 0.],-0.21822548065807967
[1. 0. 0.],[0. 1. 1.],[1. 1. 1.],[0. 1. 1.],-0.26920830299779813
[1. 0. 0.],[1. 1. 0.],[0. 1. 0.],[1. 0. 0.],-0.6491432809752036
[1. 0. 0.],[1. 1. 0.],[0. 0. 1.],,-0.899284490006448
[0. 1. 1.],[1. 0. 0.],[1. 0. 1.],[1. 1. 0.],-0.5113480293809963
[0. 1. 1.],[1. 1. 0.],[0. 1. 0.],,-0.9511296138056161
[1. 0. 0.],[0. 0. 1.],[1. 0. 0.],,-0.881161572724195
[0. 1. 1.],[1. 0. 0.],[1. 0. 1.],,-0.7034606703578737
[1. 0. 0.],[0. 1. 1.],[0. 1. 0.],,-0.6728196294578099
[0. 1. 1.],[0. 0. 1.],[1. 0. 0.],[1. 1. 1.],-0.3184155958134458
[1. 0. 0.],[1. 0. 0.],[1. 0. 0.],[0. 1. 0.],-0.21822548065807967
[1. 0. 0.],[0. 1. 1.],[1. 1. 1.],[0. 1. 1.],-0.26920830299779813
[1. 0. 0.],[1. 1. 0.],[0. 1. 0.],[1. 0. 0.],-0.6491432809752036
[1. 0. 0.],[0. 1. 0.],[0. 0. 1.],,-0.9112547688816138
[0. 1. 1.],[1. 0. 0.],[1. 0. 1.],[1. 1. 0.],-0.5113480293809963
[0. 1. 1.],[1. 1. 0.],[0. 1. 0.],,-0.9511296138056161
[1. 0. 0.],[0. 0. 1.],[1. 0. 0.],,-0.881161572724195
[0. 1. 1.],[1. 0. 0.],[1. 0. 1.],,-0.7034606703578737
[1. 0. 0.],[0. 1. 1.],[0. 1. 0.],,-0.6728196294578099
[0. 1. 1.],[0. 0. 1.],[1. 0. 0.],[1. 1. 1.],-0.3184155958134458
[1. 0. 0.],[1. 0. 0.],[1. 0. 0.],[0. 1. 0.],-0.21822548065807967
[1. 0. 0.],[0. 1. 1.],[1. 1. 1.],[0. 1. 1.],-0.26920830299779813
[1. 0. 0.],[1. 1. 0.],[0. 1. 0.],[1. 0. 0.],-0.6491432809752036
[1. 0. 0.],[0. 1. 0.],[0. 0. 1.],,-0.9112547688816138
[0. 1. 1.],[1. 0. 0.],[1. 0. 1.],[1. 1. 0.],-0.5113480293809963
[0. 1. 1.],[1. 1. 0.],[0. 1. 0.],,-0.9511296138056161
[1. 0. 0.],[0. 0. 1.],[1. 0. 0.],,-0.881161572724195
[0. 1. 1.],[1. 0. 0.],[1. 0. 1.],,-0.7643843051720699
[1. 0. 0.],[0. 1. 1.],[0. 1. 0.],,-0.6728196294578099
[0. 1. 1.],[0. 0. 1.],[1. 0. 0.],[1. 1. 1.],-0.3184155958134458
[1. 0. 0.],[1. 0. 0.],[1. 0. 0.],[0. 1. 0.],-0.21822548065807967
[1. 0. 0.],[0. 1. 1.],[1. 1. 1.],[0. 1. 1.],-0.26920830299779813
[1. 0. 0.],[1. 1. 0.],[0. 1. 0.],[1. 0. 0.],-0.6491432809752036
[1. 0. 0.],[0. 1. 0.],[0. 0. 1.],,-0.9112547688816138
[0. 1. 1.],[1. 0. 0.],[1. 0. 1.],[1. 1. 0.],-0.5113480293809963
[0. 1. 1.],[1. 1. 0.],[0. 1. 0.],,-0.9511296138056161
[1. 0. 0.],[0. 0. 1.],[1. 0. 0.],,-0.881161572724195
[0. 1. 1.],[1. 0. 0.],[1. 0. 1.],,-0.7643843051720699
[1. 0. 0.],[0. 1. 1.],[0. 1. 0.],,-0.6728196294578099
[0. 1. 1.],[0. 0. 1.],[1. 0. 0.],[1. 1. 1.],-0.3184155958134458
[1. 0. 0.],[1. 0. 0.],[1. 0. 0.],[0. 1. 0.],-0.21822548065807967
[1. 0. 0.],[0. 1. 1.],[1. 1. 1.],[0. 1. 1.],-0.26920830299779813
[1. 0. 0.],[1. 1. 0.],[0. 1. 0.],[1. 0. 0.],-0.6491432809752036
[1. 0. 0.],[0. 1. 0.],[0. 0. 1.],,-0.9112547688816138
[0. 1. 1.],[1. 0. 0.],[1. 0. 1.],[1. 1. 0.],-0.5113480293809963
[0. 1. 1.],[1. 1. 0.],[0. 1. 0.],,-0.9511296138056161
[1. 0. 0.],[0. 0. 1.],[1. 0. 0.],,-0.881161572724195
[0. 1. 1.],[1. 0. 0.],[1. 0. 1.],,-0.7643843051720699
[1. 0. 0.],[0. 1. 1.],[0. 1. 0.],,-0.6728196294578099
[0. 1. 1.],[0. 0. 1.],[1. 0. 0.],[1. 1. 0.],-0.3840468740808794
[1. 0. 0.],[1. 0. 0.],[1. 0. 0.],[0. 1. 0.],-0.3875476846384105
[1. 0. 0.],[0. 1. 1.],[1. 1. 0.],[0. 1. 1.],-0.30055250214111057
[1. 0. 0.],[1. 1. 0.],[0. 1. 0.],[1. 0. 0.],-0.6491432809752036
[1. 0. 0.],[0. 1. 0.],[0. 0. 1.],,-0.9112547688816138
[0. 1. 1.],[1. 0. 0.],[1. 0. 1.],[1. 1. 0.],-0.5113480293809963
[0. 1. 1.],[1. 1. 0.],[0. 1. 0.],,-0.9511296138056161
[1. 0. 0.],[0. 0. 1.],[1. 0. 0.],,-0.881161572724195
[0. 1. 1.],[1. 0. 0.],[1. 0. 1.],,-0.7643843051720699
[1. 0. 0.],[0. 1. 1.],[0. 1. 0.],,-0.6728196294578099
[0. 1. 1.],[0. 0. 1.],[1. 0. 0.],[1. 1. 0.],-0.3840468740808794
[1. 0. 0.],[1. 0. 0.],[1. 0. 0.],[0. 1. 0.],-0.3875476846384105
[1. 0. 0.],[0. 1. 1.],[1. 1. 0.],[0. 1. 1.],-0.30055250214111057
[1. 0. 0.],[1. 1. 0.],[0. 1. 0.],[1. 0. 0.],-0.6491432809752036
[1. 0. 0.],[0. 1. 0.],[0. 0. 1.],,-0.9112547688816138
[0. 1. 1.],[1. 0. 0.],[1. 0. 1.],[1. 1. 0.],-0.5113480293809963
[0. 1. 1.],[1. 1. 0.],[0. 1. 0.],,-0.9511296138056161
[1. 0. 0.],[0. 0. 1.],[1. 0. 0.],,-0.881161572724195
[0. 1. 1.],[1. 0. 0.],[1. 0. 1.],,-0.7643843051720699
[1. 0. 0.],[0. 1. 1.],[0. 1. 0.],,-0.6728196294578099
[0. 1. 1.],[0. 0. 1.],[1. 0. 0.],[1. 1. 0.],-0.3840468740808794
[1. 0. 0.],[1. 0. 0.],[1. 0. 0.],[0. 1. 0.],-0.3875476846384105
[1. 0. 0.],[0. 1. 1.],[1. 1. 0.],[0. 1. 1.],-0.30055250214111057
[1. 0. 0.],[1. 1. 0.],[0. 1. 0.],[1. 0. 0.],-0.6491432809752036
[1. 0. 0.],[0. 1. 0.],[0. 0. 1.],,-0.9112547688816138
[0. 1. 1.],[1. 0. 0.],[1. 0. 1.],[1. 1. 0.],-0.5113480293809963
[0. 1. 1.],[1. 1. 0.],[0. 1. 0.],,-0.9511296138056161
[1. 0. 0.],[0. 0. 1.],[1. 0. 0.],,-0.881161572724195
[0. 1. 1.],[1. 0. 0.],[1. 0. 1.],,-0.7643843051720699
[1. 0. 0.],[0. 1. 1.],[0. 1. 0.],,-0.6728196294578099
[0. 1. 1.],[0. 0. 1.],[1. 0. 0.],[1. 1. 0.],-0.3840468740808794
[1. 0. 0.],[1. 0. 0.],[1. 0. 0.],[0. 1. 0.],-0.3875476846384105
[1. 0. 0.],[0. 1. 1.],[1. 1. 0.],[0. 1. 1.],-0.30055250214111057
[1. 0. 0.],[1. 1. 0.],[0. 1. 0.],[1. 0. 0.],-0.6491432809752036
[1. 0. 0.],[0. 1. 0.],[0. 0. 1.],,-0.9112547688816138
[0. 1. 1.],[1. 0. 0.],[1. 0. 1.],[1. 1. 0.],-0.5113480293809963
[0. 1. 1.],[1. 1. 0.],[0. 1. 0.],,-0.9511296138056161
[1. 0. 0.],[0. 0. 1.],[1. 0. 0.],,-0.881161572724195
[0. 1. 1.],[1. 0. 0.],[1. 0. 1.],,-0.7643843051720699
[1. 0. 0.],[0. 1. 1.],[0. 1. 0.],,-0.6728196294578099
[0. 1. 1.],[0. 0. 1.],[1. 0. 0.],[1. 1. 0.],-0.3840468740808794
[1. 0. 0.],[1. 0. 0.],[1. 0. 0.],[0. 1. 0.],-0.4667140689370322
[1. 0. 0.],[0. 1. 1.],[1. 1. 0.],[0. 1. 1.],-0.30055250214111057
[1. 0. 0.],[1. 1. 0.],[0. 1. 0.],[1. 0. 0.],-0.6491432809752036
[1. 0. 0.],[0. 1. 0.],[0. 0. 1.],,-0.9112547688816138
[0. 1. 1.],[1. 0. 0.],[1. 0. 1.],[1. 1. 0.],-0.5113480293809963
[0. 1. 1.],[1. 1. 0.],[0. 1. 0.],,-0.9511296138056161
[1. 0. 0.],[0. 0. 1.],[1. 0. 0.],,-0.881161572724195
[0. 1. 1.],[1. 0. 0.],[1. 0. 1.],,-0.7643843051720699
[1. 0. 0.],[0. 1. 1.],[0. 1. 0.],,-0.6728196294578099
[0. 1. 1.],[0. 0. 1.],[1. 0. 0.],[1. 1. 0.],-0.3840468740808794
[1. 0. 0.],[1. 0. 0.],[1. 0. 0.],[0. 1. 0.],-0.4667140689370322
[1. 0. 0.],[0. 1. 1.],[1. 1. 0.],[0. 1. 1.],-0.30055250214111057
[1. 0. 0.],[1. 1. 0.],[0. 1. 0.],[1. 0. 0.],-0.6491432809752036
[1. 0. 0.],[0. 1. 0.],[0. 0. 1.],,-0.9112547688816138
[0. 1. 1.],[1. 0. 0.],[1. 0. 1.],[1. 1. 0.],-0.5113480293809963
[0. 1. 1.],[1. 1. 0.],[0. 1. 0.],,-0.9511296138056161
[1. 0. 0.],[0. 0. 1.],[1. 0. 0.],,-0.881161572724195
[0. 1. 1.],[1. 0. 0.],[1. 0. 1.],,-0.7643843051720699
[1. 0. 0.],[0. 1. 1.],[0. 1. 0.],,-0.6728196294578099
[0. 1. 1.],[0. 0. 1.],[1. 0. 0.],[1. 1. 0.],-0.3840468740808794
[1. 0. 0.],[1. 0. 0.],[1. 0. 0.],[0. 1. 0.],-0.4667140689370322
[1. 0. 0.],[0. 1. 1.],[1. 1. 0.],[0. 1. 1.],-0.30055250214111057
[1. 0. 0.],[1. 1. 0.],[0. 1. 0.],[1. 0. 0.],-0.6491432809752036
[1. 0. 0.],[0. 1. 0.],[0. 0. 1.],,-0.9112547688816138
[0. 1. 1.],[1. 0. 0.],[1. 0. 1.],[1. 1. 0.],-0.5113480293809963
[0. 1. 1.],[1. 1. 0.],[0. 1. 0.],,-0.9511296138056161
[1. 0. 0.],[0. 0. 1.],[1. 0. 0.],,-0.881161572724195
[0. 1. 1.],[1. 0. 0.],[1. 0. 1.],,-0.7643843051720699
[1. 0. 0.],[0. 1. 1.],[0. 1. 0.],,-0.6728196294578099
[0. 1. 1.],[0. 0. 1.],[1. 0. 0.],[1. 1. 0.],-0.3840468740808794
[1. 0. 0.],[1. 0. 0.],[1. 0. 0.],[0. 1. 0.],-0.4667140689370322
[1. 0. 0.],[0. 1. 1.],[1. 1. 0.],[0. 1. 1.],-0.30055250214111057
[1. 0. 0.],[1. 1. 0.],[0. 1. 0.],[1. 0. 0.],-0.6491432809752036
[1. 0. 0.],[0. 1. 0.],[0. 0. 1.],,-0.9112547688816138
[0. 1. 1.],[1. 0. 0.],[1. 0. 1.],[1. 1. 0.],-0.5113480293809963
[0. 1. 1.],[1. 1. 0.],[0. 1. 0.],,-0.9511296138056161
[1. 0. 0.],[0. 1. 1.],[1. 0. 0.],,-1.5266032704444585
[0. 1. 1.],[1. 0. 0.],[1. 0. 1.],,-0.7643843051720699
[1. 0. 0.],[0. 1. 1.],[0. 1. 0.],,-0.6728196294578099
[0. 1. 1.],[0. 0. 1.],[1. 0. 0.],[1. 1. 0.],-0.3840468740808794
[1. 0. 0.],[1. 0. 0.],[1. 0. 0.],[0. 1. 0.],-0.4667140689370322
[1. 0. 0.],[0. 1. 1.],[1. 1. 0.],[0. 1. 1.],-0.30055250214111057
[1. 0. 0.],[1. 1. 0.],[0. 1. 0.],[1. 0. 0.],-0.6491432809752036
[1. 0. 0.],[0. 1. 0.],[0. 0. 1.],,-0.9112547688816138
[0. 1. 1.],[1. 0. 0.],[1. 0. 1.],[1. 1. 0.],-0.5113480293809963
[0. 1. 1.],[1. 1. 0.],[0. 1. 0.],,-0.9511296138056161
[1. 0. 0.],[0. 1. 1.],[1. 0. 0.],,-1.5266032704444585
[0. 1. 1.],[1. 0. 0.],[1. 0. 1.],,-0.7643843051720699
[1. 0. 0.],[0. 1. 1.],[0. 1. 0.],,-0.6728196294578099
[0. 1. 1.],[0. 0. 1.],[1. 0. 0.],[1. 1. 0.],-0.3840468740808794
[1. 0. 0.],[1. 0. 0.],[1. 0. 0.],[0. 1. 0.],-0.4667140689370322
[1. 0. 0.],[0. 1. 1.],[1. 1. 0.],[0. 1. 1.],-0.30055250214111057
[1. 0. 0.],[1. 1. 0.],[0. 1. 0.],[1. 0. 0.],-0.6491432809752036
[1. 0. 0.],[0. 1. 0.],[0. 0. 1.],,-0.9112547688816138
[0. 1. 1.],[1. 0. 0.],[1. 0. 1.],[1. 1. 0.],-0.5113480293809963
[0. 1. 1.],[1. 1. 0.],[0. 1. 0.],,-0.9511296138056161
[1. 0. 0.],[0. 1. 1.],[1. 0. 0.],,-1.5266032704444585
[0. 1. 1.],[1. 0. 0.],[1. 0. 1.],,-0.7643843051720699
[1. 0. 0.],[0. 1. 1.],[0. 1. 0.],,-0.6728196294578099
[0. 1. 1.],[0. 0. 1.],[1. 0. 0.],[1. 1. 0.],-0.3840468740808794
[1. 0. 0.],[1. 0. 0.],[1. 0. 0.],[0. 1. 0.],-0.4667140689370322
[1. 0. 0.],[0. 1. 1.],[1. 1. 0.],[0. 1. 1.],-0.30055250214111057
[1. 0. 0.],[1. 1. 0.],[0. 1. 0.],[1. 0. 0.],-0.6491432809752036
[1. 0. 0.],[0. 1. 0.],[0. 0. 1.],,-0.9112547688816138
[0. 1. 1.],[1. 0. 0.],[1. 0. 1.],[1. 1. 0.],-0.5113480293809963
[0. 1. 1.],[1. 1. 0.],[0. 1. 0.],,-0.9511296138056161
[1. 0. 0.],[0. 1. 1.],[1. 0. 0.],,-1.5266032704444585
[0. 1. 1.],[1. 0. 0.],[1. 0. 1.],,-0.7643843051720699
[1. 0. 0.],[0. 1. 1.],[0. 1. 0.],,-0.6728196294578099
[0. 1. 1.],[0. 0. 1.],[1. 0. 1.],[1. 1. 0.],-0.41032777055324493
[1. 0. 0.],[1. 0. 0.],[1. 0. 0.],[0. 1. 0.],-0.4667140689370322
[1. 0. 0.],[0. 1. 1.],[1. 1. 0.],[0. 1. 1.],-0.30055250214111057
[1. 0. 0.],[1. 1. 0.],[0. 1. 0.],[1. 0. 0.],-0.6491432809752036
[1. 0. 0.],[0. 1. 0.],[0. 0. 1.],,-0.9112547688816138
[0. 1. 1.],[1. 0. 0.],[1. 0. 1.],[1. 1. 0.],-0.5113480293809963
[0. 1. 1.],[1. 1. 0.],[1. 1. 0.],,-0.9922249502755368
[1. 0. 0.],[0. 1. 1.],[1. 1. 0.],,-1.6067588797312455
[0. 1. 1.],[1. 0. 0.],[1. 0. 1.],,-0.7643843051720699
[1. 0. 0.],[0. 1. 1.],[0. 1. 0.],,-0.6728196294578099
[0. 1. 1.],[0. 0. 1.],[1. 0. 1.],[1. 1. 0.],-0.41032777055324493
[1. 0. 0.],[1. 0. 0.],[1. 0. 0.],[0. 1. 0.],-0.4667140689370322
[1. 0. 0.],[0. 1. 1.],[1. 1. 0.],[0. 1. 1.],-0.30055250214111057
[1. 0. 0.],[1. 1. 0.],[0. 1. 0.],[1. 0. 0.],-0.6491432809752036
[1. 0. 0.],[0. 1. 0.],[0. 0. 1.],,-0.9112547688816138
[0. 1. 1.],[1. 0. 0.],[1. 0. 1.],[1. 1. 0.],-0.5113480293809963
[0. 1. 1.],[1. 1. 0.],[1. 1. 0.],,-0.9922249502755368
[1. 0. 0.],[0. 1. 1.],[1. 1. 0.],,-1.6067588797312455
[0. 1. 1.],[1. 0. 0.],[1. 0. 1.],,-0.7643843051720699
[1. 0. 0.],[0. 1. 1.],[0. 1. 0.],,-0.6728196294578099
[0. 1. 1.],[0. 0. 1.],[1. 0. 1.],[1. 1. 0.],-0.41032777055324493
[1. 0. 0.],[1. 0. 0.],[1. 0. 0.],[0. 1. 0.],-0.4667140689370322
[1. 0. 0.],[0. 1. 1.],[1. 1. 0.],[0. 1. 1.],-0.30055250214111057
[1. 0. 0.],[1. 1. 0.],[0. 1. 0.],[1. 0. 0.],-0.6491432809752036
[1. 0. 0.],[0. 1. 0.],[0. 0. 1.],,-0.9112547688816138
[0. 1. 1.],[1. 0. 0.],[1. 0. 1.],[1. 1. 0.],-0.5113480293809963
[0. 1. 1.],[1. 1. 0.],[1. 1. 0.],,-0.9922249502755368
[1. 0. 0.],[0. 1. 1.],[1. 1. 0.],,-1.6067588797312455
[0. 1. 1.],[1. 0. 0.],[1. 0. 1.],,-0.7643843051720699
[1. 0. 0.],[0. 1. 0.],[0. 1. 0.],,-0.8906901643661691
[0. 1. 1.],[0. 0. 1.],[1. 0. 1.],[1. 1. 0.],-0.41032777055324493
[1. 0. 0.],[1. 0. 0.],[1. 0. 0.],[0. 1. 0.],-0.4667140689370322
[1. 0. 0.],[0. 1. 1.],[1. 1. 0.],[0. 1. 1.],-0.30055250214111057
[1. 0. 0.],[1. 1. 1.],[0. 1. 0.],[1. 0. 0.],-1.0628663058175738
[1. 0. 0.],[0. 1. 0.],[0. 0. 1.],,-0.9112547688816138
[0. 1. 1.],[1. 0. 0.],[1. 0. 1.],[1. 1. 0.],-0.5113480293809963
[0. 1. 1.],[1. 1. 0.],[1. 1. 0.],,-0.9922249502755368
[1. 0. 0.],[0. 1. 1.],[1. 1. 0.],,-1.6067588797312455
[0. 1. 1.],[1. 0. 0.],[1. 0. 1.],,-0.7643843051720699
[1. 0. 0.],[0. 1. 0.],[0. 1. 0.],,-0.8906901643661691
[0. 1. 1.],[0. 0. 1.],[1. 0. 1.],[1. 1. 0.],-0.41032777055324493
[1. 0. 0.],[1. 0. 0.],[1. 0. 0.],[0. 1. 0.],-0.4667140689370322
[1. 0. 0.],[0. 1. 1.],[1. 1. 0.],[0. 1. 1.],-0.30055250214111057
[1. 0. 0.],[1. 1. 1.],[0. 1. 0.],[1. 0. 0.],-1.0628663058175738
[1. 0. 0.],[0. 1. 0.],[0. 0. 1.],,-0.9112547688816138
[0. 1. 1.],[1. 0. 0.],[1. 0. 1.],[1. 1. 0.],-0.5113480293809963
[0. 1. 1.],[1. 1. 0.],[1. 1. 0.],,-0.9922249502755368
[1. 0. 0.],[0. 1. 1.],[1. 1. 0.],,-1.6067588797312455
[0. 1. 1.],[1. 0. 0.],[1. 0. 1.],,-0.7643843051720699
[1. 0. 0.],[0. 1. 0.],[0. 1. 0.],,-0.8906901643661691
[0. 1. 1.],[0. 0. 1.],[1. 0. 1.],[1. 1. 0.],-0.41032777055324493
[1. 0. 0.],[1. 0. 0.],[1. 0. 0.],[0. 1. 0.],-0.4667140689370322
[1. 0. 0.],[0. 1. 1.],[1. 1. 0.],[0. 1. 1.],-0.30055250214111057
[1. 0. 0.],[1. 1. 1.],[0. 1. 0.],[1. 0. 0.],-1.0628663058175738
[1. 0. 0.],[0. 1. 0.],[0. 0. 1.],,-0.9112547688816138
[0. 1. 1.],[1. 0. 0.],[1. 0. 1.],[1. 1. 0.],-0.5113480293809963
[0. 1. 1.],[1. 1. 0.],[1. 1. 0.],,-0.9922249502755368
[1. 0. 0.],[0. 1. 1.],[1. 1. 0.],,-1.6067588797312455
[0. 1. 1.],[1. 0. 0.],[1. 0. 1.],,-0.7643843051720699
[1. 0. 0.],[0. 1. 0.],[0. 1. 0.],,-0.8906901643661691
[0. 1. 1.],[0. 0. 1.],[1. 0. 1.],[1. 1. 0.],-0.41032777055324493
[1. 0. 0.],[1. 0. 0.],[1. 0. 0.],[0. 1. 0.],-0.4667140689370322
[1. 0. 0.],[0. 1. 1.],[1. 1. 0.],[0. 1. 1.],-0.30055250214111057
[1. 0. 0.],[1. 1. 1.],[0. 1. 0.],[1. 0. 0.],-1.0628663058175738
[1. 0. 0.],[0. 1. 0.],[0. 0. 1.],,-0.9112547688816138
[0. 1. 1.],[1. 0. 0.],[1. 0. 1.],[1. 1. 0.],-0.5113480293809963
[0. 1. 1.],[1. 1. 0.],[1. 1. 0.],,-0.9922249502755368
[1. 0. 0.],[0. 1. 1.],[1. 1. 0.],,-1.6067588797312455
[0. 1. 1.],[1. 0. 0.],[1. 0. 1.],,-0.7643843051720699
[1. 0. 0.],[0. 1. 0.],[0. 1. 0.],,-0.8906901643661691
[0. 1. 1.],[0. 0. 1.],[1. 0. 1.],[1. 1. 0.],-0.41032777055324493
[1. 0. 0.],[1. 0. 0.],[1. 0. 0.],[0. 1. 0.],-0.4667140689370322
[1. 0. 0.],[0. 1. 1.],[1. 1. 0.],[0. 1. 1.],-0.30055250214111057
[1. 0. 0.],[1. 1. 1.],[0. 1. 0.],[1. 0. 0.],-1.0628663058175738
[1. 0. 0.],[0. 1. 0.],[0. 0. 1.],,-0.9112547688816138
[0. 1. 1.],[1. 0. 0.],[0. 0. 1.],[1. 1. 0.],-0.8679758682020904
[0. 1. 1.],[1. 1. 0.],[1. 1. 0.],,-0.9922249502755368
[1. 0. 0.],[0. 1. 1.],[1. 1. 0.],,-1.6067588797312455
[0. 1. 1.],[1. 0. 0.],[1. 0. 1.],,-0.7643843051720699
[1. 0. 0.],[0. 1. 0.],[0. 1. 0.],,-0.8906901643661691
[0. 1. 1.],[0. 0. 1.],[1. 0. 1.],[1. 1. 0.],-0.41032777055324493
[1. 0. 0.],[1. 0. 0.],[1. 0. 0.],[0. 1. 0.],-0.4667140689370322
[1. 0. 0.],[0. 1. 1.],[1. 1. 0.],[0. 1. 1.],-0.30055250214111057
[1. 0. 0.],[1. 1. 1.],[0. 1. 0.],[1. 0. 0.],-1.1440632801355466
[1. 0. 0.],[0. 1. 0.],[0. 0. 1.],,-0.9112547688816138
[0. 1. 1.],[1. 0. 0.],[0. 0. 1.],[0. 1. 0.],-1.016696087535792
[0. 1. 1.],[1. 1. 0.],[1. 1. 0.],,-0.9922249502755368
[1. 0. 0.],[0. 1. 1.],[1. 1. 0.],,-1.6067588797312455
[0. 1. 1.],[1. 0. 0.],[1. 0. 1.],,-0.7643843051720699
[1. 0. 0.],[0. 1. 0.],[0. 1. 0.],,-0.8906901643661691
[0. 1. 1.],[0. 0. 1.],[1. 0. 1.],[1. 1. 0.],-0.41032777055324493
[1. 0. 0.],[1. 0. 0.],[1. 0. 0.],[0. 1. 0.],-0.4667140689370322
[1. 0. 0.],[0. 1. 1.],[1. 1. 0.],[0. 1. 1.],-0.30055250214111057
[1. 0. 0.],[1. 1. 1.],[0. 1. 0.],[1. 0. 0.],-1.1440632801355466
[1. 0. 0.],[0. 1. 0.],[0. 0. 1.],,-0.9112547688816138
[0. 1. 1.],[1. 0. 0.],[0. 0. 1.],[0. 1. 0.],-1.016696087535792
[0. 1. 1.],[1. 1. 0.],[1. 1. 0.],,-0.9922249502755368
[1. 0. 0.],[0. 1. 1.],[1. 1. 0.],,-1.6067588797312455
[0. 1. 1.],[1. 0. 0.],[1. 0. 1.],,-0.7643843051720699
[1. 0. 0.],[0. 1. 0.],[0. 1. 0.],,-0.8906901643661691
[0. 1. 1.],[0. 0. 1.],[1. 0. 1.],[1. 1. 0.],-0.41032777055324493
[1. 0. 0.],[1. 0. 0.],[1. 0. 0.],[0. 1. 0.],-0.4667140689370322
[1. 0. 0.],[0. 1. 1.],[1. 1. 0.],[0. 1. 1.],-0.30055250214111057
[1. 0. 0.],[1. 1. 1.],[0. 1. 0.],[1. 0. 0.],-1.1440632801355466
[1. 0. 0.],[0. 1. 0.],[0. 0. 1.],,-0.9112547688816138
[0. 1. 1.],[1. 0. 0.],[0. 0. 1.],[0. 1. 0.],-1.016696087535792
[0. 1. 1.],[1. 1. 0.],[1. 1. 0.],,-0.9922249502755368
[1. 0. 0.],[0. 1. 1.],[1. 1. 0.],,-1.6067588797312455
[0. 1. 1.],[1. 0. 0.],[1. 0. 1.],,-0.7643843051720699
[1. 0. 0.],[0. 1. 0.],[0. 1. 0.],,-0.8906901643661691
[0. 1. 1.],[0. 0. 1.],[1. 0. 1.],[1. 1. 0.],-0.41032777055324493
[1. 0. 0.],[1. 0. 0.],[1. 0. 0.],[0. 1. 0.],-0.4667140689370322
[1. 0. 0.],[0. 1. 1.],[1. 1. 0.],[0. 1. 1.],-0.30055250214111057
[1. 0. 0.],[1. 1. 1.],[0. 1. 0.],[1. 0. 0.],-1.1440632801355466
[1. 0. 0.],[0. 1. 0.],[0. 0. 1.],,-0.9112547688816138
[0. 1. 1.],[1. 0. 0.],[0. 0. 1.],[0. 1. 0.],-1.016696087535792
[0. 1. 1.],[1. 1. 0.],[1. 1. 0.],,-0.9922249502755368
[1. 0. 0.],[0. 1. 1.],[1. 1. 0.],,-1.6067588797312455
[0. 1. 1.],[1. 0. 0.],[1. 0. 1.],,-0.7643843051720699
[1. 0. 0.],[0. 1. 0.],[0. 1. 0.],,-0.8906901643661691
[0. 1. 1.],[0. 0. 1.],[1. 0. 1.],[1. 1. 0.],-0.41032777055324493
[1. 0. 0.],[1. 0. 0.],[1. 0. 0.],[0. 1. 0.],-0.4667140689370322
[1. 0. 0.],[0. 1. 1.],[1. 1. 0.],[0. 1. 1.],-0.30055250214111057
[1. 0. 0.],[1. 1. 1.],[0. 1. 0.],[1. 0. 0.],-1.1440632801355466
[1. 0. 0.],[0. 1. 0.],[0. 0. 1.],,-0.9112547688816138
[0. 1. 1.],[1. 0. 0.],[0. 0. 1.],[0. 1. 0.],-1.016696087535792
[0. 1. 1.],[1. 1. 0.],[1. 1. 0.],,-0.9922249502755368
[1. 0. 0.],[0. 1. 1.],[1. 1. 0.],,-1.6067588797312455
[0. 1. 1.],[1. 0. 0.],[1. 0. 1.],,-0.7643843051720699
[1. 0. 0.],[0. 1. 0.],[0. 1. 0.],,-0.8906901643661691
[0. 1. 1.],[0. 0. 1.],[1. 0. 1.],[1. 1. 0.],-0.41032777055324493
[1. 0. 0.],[1. 0. 0.],[1. 0. 0.],[0. 1. 0.],-0.4667140689370322
[1. 0. 0.],[0. 1. 1.],[1. 1. 0.],[0. 1. 1.],-0.30055250214111057
[1. 0. 0.],[1. 1. 1.],[0. 1. 0.],[1. 0. 0.],-1.1440632801355466
[1. 0. 0.],[0. 1. 0.],[0. 0. 1.],,-0.9112547688816138
[0. 1. 1.],[1. 0. 0.],[0. 0. 1.],[0. 1. 0.],-1.016696087535792
[0. 1. 1.],[1. 1. 0.],[1. 1. 0.],,-0.9922249502755368
[1. 0. 0.],[0. 1. 1.],[1. 1. 0.],,-1.6067588797312455
[0. 1. 1.],[1. 0. 0.],[1. 0. 1.],,-0.7643843051720699
[1. 0. 0.],[0. 1. 0.],[0. 1. 0.],,-0.8906901643661691
[0. 1. 1.],[0. 0. 1.],[1. 0. 1.],[1. 1. 0.],-0.41032777055324493
[1. 0. 0.],[1. 0. 0.],[1. 0. 0.],[0. 1. 0.],-0.4667140689370322
[1. 0. 0.],[0. 1. 1.],[1. 1. 0.],[0. 1. 1.],-0.30055250214111057
[1. 0. 0.],[1. 1. 1.],[0. 1. 0.],[1. 0. 0.],-1.1440632801355466
[1. 0. 0.],[0. 1. 0.],[0. 0. 1.],,-0.9112547688816138
[0. 1. 1.],[1. 0. 0.],[0. 0. 1.],[0. 1. 0.],-1.016696087535792
[0. 1. 1.],[1. 1. 0.],[1. 1. 0.],,-0.9922249502755368
[1. 0. 0.],[0. 1. 1.],[1. 1. 0.],,-1.6067588797312455
[0. 1. 1.],[1. 0. 0.],[1. 0. 1.],,-0.7643843051720699
[1. 0. 0.],[0. 1. 0.],[0. 1. 0.],,-0.8906901643661691
[0. 1. 1.],[0. 0. 1.],[1. 0. 1.],[1. 1. 0.],-0.41032777055324493
[1. 0. 0.],[1. 0. 0.],[1. 0. 0.],[0. 1. 0.],-0.4667140689370322
[1. 0. 0.],[0. 1. 1.],[1. 1. 0.],[0. 1. 1.],-0.30055250214111057
[1. 0. 0.],[1. 1. 1.],[0. 1. 0.],[1. 0. 0.],-1.1440632801355466
[1. 0. 0.],[0. 1. 0.],[0. 0. 1.],,-0.9112547688816138
[0. 1. 1.],[1. 0. 0.],[0. 0. 1.],[0. 1. 0.],-1.016696087535792
[0. 1. 1.],[1. 1. 0.],[1. 1. 0.],,-0.9922249502755368
[1. 0. 0.],[0. 1. 1.],[1. 1. 0.],,-1.7082684621563966
[0. 1. 1.],[1. 0. 0.],[1. 0. 1.],,-0.7643843051720699
[1. 0. 0.],[0. 1. 0.],[0. 1. 0.],,-0.8906901643661691
[0. 1. 1.],[0. 0. 1.],[1. 0. 1.],[1. 1. 0.],-0.41032777055324493
[1. 0. 0.],[1. 0. 0.],[1. 0. 0.],[0. 1. 0.],-0.4667140689370322
[1. 0. 0.],[0. 1. 1.],[1. 1. 0.],[0. 1. 1.],-0.30055250214111057
[1. 0. 0.],[1. 1. 1.],[0. 1. 0.],[1. 0. 0.],-1.1440632801355466
[1. 0. 0.],[0. 1. 0.],[0. 0. 1.],,-0.9112547688816138
[0. 1. 1.],[1. 0. 0.],[0. 0. 1.],[0. 1. 0.],-1.016696087535792
[0. 1. 1.],[1. 1. 0.],[1. 1. 0.],,-0.9922249502755368
[1. 0. 0.],[0. 1. 1.],[1. 1. 0.],,-1.7082684621563966
[0. 1. 1.],[1. 0. 0.],[1. 0. 1.],,-0.7643843051720699
[1. 0. 0.],[0. 1. 0.],[0. 1. 0.],,-0.8906901643661691
[0. 1. 1.],[0. 0. 1.],[1. 0. 1.],[1. 1. 0.],-0.41032777055324493
[1. 0. 0.],[1. 0. 0.],[1. 0. 0.],[0. 1. 0.],-0.4667140689370322
[1. 0. 0.],[0. 1. 1.],[1. 1. 0.],[0. 1. 1.],-0.30055250214111057
[1. 0. 0.],[1. 1. 1.],[0. 1. 0.],[1. 0. 0.],-1.1440632801355466
[1. 0. 0.],[0. 1. 0.],[0. 0. 1.],,-0.9112547688816138
[0. 1. 1.],[1. 0. 0.],[0. 0. 1.],[0. 1. 0.],-1.016696087535792
[0. 1. 1.],[1. 1. 0.],[1. 1. 0.],,-0.9922249502755368
[1. 0. 0.],[0. 1. 1.],[1. 1. 0.],,-1.7082684621563966
[0. 1. 1.],[1. 0. 0.],[1. 0. 1.],,-0.7643843051720699
[1. 0. 0.],[0. 1. 0.],[0. 1. 0.],,-0.8906901643661691
[0. 1. 1.],[0. 0. 1.],[1. 0. 1.],[1. 1. 0.],-0.41032777055324493
[1. 0. 0.],[1. 0. 0.],[1. 0. 0.],[0. 1. 0.],-0.4667140689370322
[1. 0. 0.],[0. 1. 1.],[1. 1. 0.],[0. 1. 1.],-0.30055250214111057
[1. 0. 0.],[1. 1. 1.],[0. 1. 0.],[1. 0. 0.],-1.1440632801355466
[1. 0. 0.],[0. 1. 0.],[0. 0. 1.],,-0.9112547688816138
[0. 1. 1.],[1. 0. 0.],[0. 0. 1.],[0. 1. 0.],-1.016696087535792
[0. 1. 1.],[1. 1. 0.],[1. 1. 0.],,-0.9922249502755368
[1. 0. 0.],[0. 1. 1.],[1. 1. 0.],,-1.7082684621563966
[0. 1. 1.],[1. 0. 0.],[1. 0. 1.],,-0.7643843051720699
[1. 0. 0.],[0. 1. 0.],[0. 1. 0.],,-0.8906901643661691
[0. 1. 1.],[0. 0. 1.],[1. 0. 1.],[1. 1. 0.],-0.41032777055324493
[1. 0. 0.],[1. 0. 0.],[1. 0. 0.],[0. 1. 0.],-0.4667140689370322
[1. 0. 0.],[0. 1. 1.],[1. 1. 0.],[0. 1. 1.],-0.30055250214111057
[1. 0. 0.],[1. 1. 1.],[0. 1. 0.],[1. 0. 0.],-1.1440632801355466
[1. 0. 0.],[0. 1. 0.],[0. 0. 1.],,-0.9112547688816138
[0. 1. 1.],[1. 0. 0.],[0. 0. 1.],[0. 1. 0.],-1.016696087535792
[0. 1. 1.],[1. 1. 0.],[1. 1. 0.],,-0.9922249502755368
[1. 0. 0.],[0. 1. 1.],[1. 1. 0.],,-1.7082684621563966
[0. 1. 1.],[1. 0. 0.],[1. 0. 1.],,-0.7643843051720699
[1. 0. 0.],[0. 1. 0.],[0. 1. 0.],,-0.8906901643661691
[0. 1. 1.],[0. 0. 1.],[1. 0. 1.],[1. 1. 0.],-0.41032777055324493
[1. 0. 0.],[1. 0. 0.],[1. 0. 0.],[0. 1. 0.],-0.4667140689370322
[1. 0. 0.],[0. 1. 1.],[1. 1. 0.],[0. 1. 1.],-0.30055250214111057
[1. 0. 0.],[1. 1. 1.],[0. 1. 0.],[1. 0. 0.],-1.1440632801355466
[1. 0. 0.],[0. 1. 0.],[0. 0. 1.],,-0.9112547688816138
[0. 1. 1.],[1. 0. 0.],[0. 0. 1.],[0. 1. 0.],-1.016696087535792
[0. 1. 1.],[1. 1. 0.],[1. 1. 0.],,-0.9922249502755368
[1. 0. 0.],[0. 1. 1.],[1. 1. 0.],,-1.7082684621563966
[0. 1. 1.],[1. 0. 0.],[1. 0. 1.],,-0.7643843051720699
[1. 0. 0.],[0. 1. 0.],[0. 1. 0.],,-0.8906901643661691
[0. 1. 1.],[0. 0. 1.],[1. 0. 1.],[1. 1. 0.],-0.41032777055324493
[1. 0. 0.],[1. 0. 0.],[1. 0. 0.],[0. 1. 0.],-0.4667140689370322
[1. 0. 0.],[0. 1. 1.],[1. 1. 0.],[0. 1. 1.],-0.30055250214111057
[1. 0. 0.],[1. 1. 1.],[0. 1. 0.],[1. 0. 0.],-1.1440632801355466
[1. 0. 0.],[0. 1. 0.],[0. 0. 1.],,-0.9112547688816138
[0. 1. 1.],[1. 0. 0.],[0. 0. 1.],[0. 1. 0.],-1.016696087535792
[0. 1. 1.],[1. 1. 0.],[1. 1. 0.],,-0.9922249502755368
[1. 0. 0.],[0. 1. 1.],[1. 1. 0.],,-1.7082684621563966
[0. 1. 1.],[1. 0. 0.],[1. 0. 1.],,-0.7643843051720699
[1. 0. 0.],[0. 1. 0.],[0. 1. 0.],,-0.8906901643661691
[0. 1. 1.],[0. 0. 1.],[1. 0. 1.],[1. 1. 0.],-0.41032777055324493
[1. 0. 0.],[1. 0. 0.],[1. 0. 0.],[0. 1. 0.],-0.4667140689370322
[1. 0. 0.],[0. 1. 1.],[1. 1. 0.],[0. 1. 1.],-0.30055250214111057
[1. 0. 0.],[1. 1. 1.],[0. 1. 0.],[1. 0. 0.],-1.1440632801355466
[1. 0. 0.],[0. 1. 0.],[0. 0. 1.],,-0.9112547688816138
[0. 1. 1.],[1. 0. 0.],[0. 0. 1.],[0. 1. 0.],-1.016696087535792
[0. 1. 1.],[1. 1. 0.],[1. 1. 0.],,-0.9922249502755368
[1. 0. 0.],[0. 1. 1.],[1. 1. 0.],,-1.7082684621563966
[0. 1. 1.],[1. 0. 0.],[1. 0. 1.],,-0.7643843051720699
[1. 0. 0.],[0. 1. 0.],[0. 1. 0.],,-0.8906901643661691
[0. 1. 1.],[0. 0. 1.],[1. 0. 1.],[1. 1. 0.],-0.41032777055324493
[1. 0. 0.],[1. 0. 0.],[1. 0. 0.],[0. 1. 0.],-0.4667140689370322
[1. 0. 0.],[0. 1. 1.],[1. 1. 0.],[0. 1. 1.],-0.30055250214111057
[1. 0. 0.],[1. 1. 1.],[0. 1. 0.],[1. 0. 0.],-1.1440632801355466
[1. 0. 0.],[0. 1. 0.],[0. 0. 1.],,-0.9112547688816138
[0. 1. 1.],[1. 0. 0.],[0. 0. 1.],[0. 1. 0.],-1.016696087535792
[0. 1. 1.],[1. 1. 0.],[1. 1. 0.],,-0.9922249502755368
[1. 0. 0.],[0. 1. 1.],[1. 1. 0.],,-2.0995689824338974
[0. 1. 1.],[1. 0. 0.],[1. 0. 1.],,-0.7643843051720699
[1. 0. 0.],[0. 1. 0.],[0. 1. 0.],,-0.8906901643661691
[0. 1. 1.],[0. 0. 1.],[1. 0. 1.],[1. 1. 0.],-0.41032777055324493
[1. 0. 0.],[1. 0. 0.],[1. 0. 0.],[0. 1. 0.],-0.4667140689370322
[1. 0. 0.],[0. 1. 1.],[1. 1. 0.],[0. 1. 1.],-0.30055250214111057
[1. 0. 0.],[1. 1. 1.],[0. 1. 0.],[1. 0. 0.],-1.1440632801355466
[1. 0. 0.],[0. 1. 0.],[0. 0. 1.],,-0.9112547688816138
[0. 1. 1.],[1. 0. 0.],[0. 0. 1.],[0. 1. 0.],-1.016696087535792
[0. 1. 1.],[1. 1. 0.],[1. 1. 0.],,-0.9922249502755368
[1. 0. 0.],[0. 1. 1.],[1. 1. 0.],,-2.0995689824338974
[0. 1. 1.],[1. 0. 0.],[1. 0. 1.],,-0.7643843051720699
[1. 0. 0.],[0. 1. 0.],[0. 1. 0.],,-0.8906901643661691
[0. 1. 1.],[0. 0. 1.],[1. 0. 1.],[1. 1. 0.],-0.41032777055324493
[1. 0. 0.],[1. 0. 0.],[1. 0. 0.],[0. 1. 0.],-0.4667140689370322
[1. 0. 0.],[0. 1. 1.],[1. 1. 0.],[0. 1. 1.],-0.30055250214111057
[1. 0. 0.],[1. 1. 1.],[0. 1. 0.],[1. 0. 0.],-1.1440632801355466
[1. 0. 0.],[0. 1. 0.],[0. 0. 1.],,-0.9112547688816138
[0. 1. 1.],[1. 0. 0.],[0. 0. 1.],[0. 1. 0.],-1.016696087535792
[0. 1. 1.],[1. 1. 0.],[1. 1. 0.],,-0.9922249502755368
[1. 0. 0.],[0. 1. 1.],[1. 1. 0.],,-2.0995689824338974
[0. 1. 1.],[1. 0. 0.],[1. 0. 1.],,-0.7643843051720699
[1. 0. 0.],[0. 1. 0.],[0. 1. 0.],,-0.8906901643661691
[0. 1. 1.],[0. 0. 1.],[1. 0. 1.],[1. 1. 0.],-0.41032777055324493
[1. 0. 0.],[1. 0. 0.],[1. 0. 0.],[0. 1. 0.],-0.4667140689370322
[1. 0. 0.],[0. 1. 1.],[1. 1. 0.],[0. 1. 1.],-0.30055250214111057
[1. 0. 0.],[1. 1. 1.],[0. 1. 0.],[1. 0. 0.],-1.1440632801355466
[1. 0. 0.],[0. 1. 0.],[0. 0. 1.],,-0.9112547688816138
[0. 1. 1.],[1. 0. 0.],[0. 0. 1.],[0. 1. 0.],-1.016696087535792
[0. 1. 1.],[1. 1. 0.],[1. 1. 0.],,-0.9922249502755368
[1. 0. 0.],[0. 1. 1.],[1. 1. 0.],,-2.0995689824338974
[0. 1. 1.],[1. 0. 0.],[1. 0. 1.],,-0.7643843051720699
[1. 0. 0.],[0. 1. 0.],[0. 1. 0.],,-0.8906901643661691
[0. 1. 1.],[0. 0. 1.],[1. 0. 1.],[1. 1. 0.],-0.41032777055324493
[1. 0. 0.],[1. 0. 0.],[1. 0. 0.],[0. 1. 0.],-0.4667140689370322
[1. 0. 0.],[0. 1. 1.],[1. 1. 0.],[0. 1. 1.],-0.30055250214111057
[1. 0. 0.],[1. 1. 1.],[0. 1. 0.],[1. 0. 0.],-1.1440632801355466
[1. 0. 0.],[0. 1. 0.],[0. 0. 1.],,-0.9112547688816138
[0. 1. 1.],[1. 0. 0.],[0. 0. 1.],[0. 1. 0.],-1.016696087535792
[0. 1. 1.],[1. 1. 0.],[1. 1. 0.],,-0.9922249502755368
[1. 0. 0.],[0. 1. 1.],[1. 1. 0.],,-2.0995689824338974
[0. 1. 1.],[1. 0. 0.],[1. 0. 1.],,-0.7643843051720699
[1. 0. 0.],[0. 1. 0.],[0. 1. 0.],,-0.8906901643661691
[0. 1. 1.],[0. 0. 1.],[1. 0. 1.],[1. 1. 0.],-0.41032777055324493
[1. 0. 0.],[1. 0. 0.],[1. 0. 0.],[0. 1. 0.],-0.4667140689370322
[1. 0. 0.],[0. 1. 1.],[1. 1. 0.],[0. 1. 1.],-0.30055250214111057
[1. 0. 0.],[1. 1. 1.],[0. 1. 0.],[1. 0. 0.],-1.1440632801355466
[1. 0. 0.],[0. 1. 0.],[0. 0. 1.],,-0.9112547688816138
[0. 1. 1.],[1. 0. 0.],[0. 0. 1.],[0. 1. 0.],-1.016696087535792
[0. 1. 1.],[1. 1. 0.],[1. 1. 0.],,-0.9922249502755368
[1. 0. 0.],[0. 1. 1.],[1. 1. 0.],,-2.0995689824338974
[0. 1. 1.],[1. 0. 0.],[1. 0. 1.],,-0.7643843051720699
[1. 0. 0.],[0. 1. 0.],[0. 1. 0.],,-0.8906901643661691
[0. 1. 1.],[0. 0. 1.],[1. 0. 1.],[1. 1. 0.],-0.41032777055324493
[1. 0. 0.],[1. 0. 0.],[1. 0. 0.],[0. 1. 0.],-0.4667140689370322
[1. 0. 0.],[0. 1. 1.],[1. 1. 0.],[0. 1. 1.],-0.30055250214111057
[1. 0. 0.],[1. 1. 1.],[0. 1. 0.],[1. 0. 0.],-1.1440632801355466
[1. 0. 0.],[0. 1. 0.],[0. 0. 1.],,-0.9112547688816138
[0. 1. 1.],[1. 0. 0.],[0. 0. 1.],[0. 1. 0.],-1.016696087535792
[0. 1. 1.],[1. 1. 0.],[1. 1. 0.],,-0.9922249502755368
[1. 0. 0.],[0. 1. 1.],[1. 1. 0.],,-2.0995689824338974
[0. 1. 1.],[1. 0. 0.],[1. 0. 1.],,-0.7643843051720699
[1. 0. 0.],[0. 1. 0.],[0. 1. 0.],,-0.8906901643661691
[0. 1. 1.],[0. 0. 1.],[1. 0. 1.],[1. 1. 0.],-0.41032777055324493
[1. 0. 0.],[1. 0. 0.],[1. 0. 0.],[0. 1. 0.],-0.4667140689370322
[1. 0. 0.],[0. 1. 1.],[1. 1. 0.],[0. 1. 1.],-0.30055250214111057
[1. 0. 0.],[1. 1. 1.],[0. 1. 0.],[1. 0. 0.],-1.1440632801355466
[1. 0. 0.],[0. 1. 0.],[0. 0. 1.],,-0.9112547688816138
[0. 1. 1.],[1. 0. 0.],[0. 0. 1.],[0. 1. 0.],-1.016696087535792
[0. 1. 1.],[1. 1. 0.],[1. 1. 0.],,-0.9922249502755368
[1. 0. 0.],[0. 1. 1.],[1. 1. 0.],,-2.0995689824338974
[0. 1. 1.],[1. 0. 0.],[1. 0. 1.],,-0.7643843051720699
[1. 0. 0.],[0. 1. 0.],[0. 1. 0.],,-0.8906901643661691
[0. 1. 1.],[0. 0. 1.],[1. 0. 1.],[1. 1. 0.],-0.41032777055324493
[1. 0. 0.],[1. 0. 0.],[1. 0. 0.],[0. 1. 0.],-0.4667140689370322
[1. 0. 0.],[0. 1. 1.],[1. 1. 0.],[0. 1. 1.],-0.30055250214111057
[1. 0. 0.],[1. 1. 1.],[0. 1. 0.],[1. 0. 0.],-1.1440632801355466
[1. 0. 0.],[0. 1. 0.],[0. 0. 1.],,-0.9112547688816138
[0. 1. 1.],[1. 0. 0.],[0. 0. 1.],[0. 1. 0.],-1.016696087535792
[0. 1. 1.],[1. 1. 0.],[1. 1. 0.],,-0.9922249502755368
[1. 0. 0.],[0. 1. 1.],[1. 1. 0.],,-2.0995689824338974
[0. 1. 1.],[1. 0. 0.],[1. 0. 1.],,-0.7643843051720699
[1. 0. 0.],[0. 1. 0.],[0. 1. 0.],,-0.8906901643661691
[0. 1. 1.],[0. 0. 1.],[1. 0. 1.],[1. 1. 0.],-0.41032777055324493
[1. 0. 0.],[1. 0. 0.],[1. 0. 0.],[0. 1. 0.],-0.4667140689370322
[1. 0. 0.],[0. 1. 1.],[1. 1. 0.],[0. 1. 1.],-0.30055250214111057
[1. 0. 0.],[1. 1. 1.],[0. 1. 0.],[1. 0. 0.],-1.1440632801355466
[1. 0. 0.],[0. 1. 0.],[0. 0. 1.],,-0.9112547688816138
[0. 1. 1.],[1. 0. 0.],[0. 0. 1.],[0. 1. 0.],-1.016696087535792
[0. 1. 1.],[1. 1. 0.],[1. 1. 0.],,-0.9922249502755368
[1. 0. 0.],[0. 1. 1.],[1. 1. 0.],,-2.0995689824338974
[0. 1. 1.],[1. 0. 0.],[1. 0. 1.],,-0.7643843051720699
[1. 0. 0.],[0. 1. 0.],[0. 1. 0.],,-0.8906901643661691
[0. 1. 1.],[0. 0. 1.],[1. 0. 1.],[1. 1. 0.],-0.41032777055324493
[1. 0. 0.],[1. 0. 0.],[1. 0. 0.],[0. 1. 0.],-0.4667140689370322
[1. 0. 0.],[0. 1. 1.],[1. 1. 0.],[0. 1. 1.],-0.30055250214111057
[1. 0. 0.],[1. 1. 1.],[0. 1. 0.],[1. 0. 0.],-1.1440632801355466
[1. 0. 0.],[0. 1. 0.],[0. 0. 1.],,-0.9112547688816138
[0. 1. 1.],[1. 0. 0.],[0. 0. 1.],[0. 1. 0.],-1.016696087535792
[0. 1. 1.],[1. 1. 0.],[1. 1. 0.],,-0.9922249502755368
[1. 0. 0.],[0. 1. 1.],[1. 1. 0.],,-2.0995689824338974
[0. 1. 1.],[1. 0. 0.],[1. 0. 1.],,-0.7643843051720699
[1. 0. 0.],[0. 1. 0.],[0. 1. 0.],,-0.8906901643661691
[0. 1. 1.],[0. 0. 1.],[1. 0. 1.],[1. 1. 0.],-0.41032777055324493
[1. 0. 0.],[1. 0. 0.],[1. 0. 0.],[0. 1. 0.],-0.4667140689370322
[1. 0. 0.],[0. 1. 1.],[1. 1. 0.],[0. 1. 1.],-0.30055250214111057
[1. 0. 0.],[1. 1. 1.],[0. 1. 0.],[1. 0. 0.],-1.1440632801355466
[1. 0. 0.],[0. 1. 0.],[0. 0. 1.],,-0.9112547688816138
[0. 1. 1.],[1. 0. 0.],[0. 0. 1.],[0. 1. 0.],-1.016696087535792
[0. 1. 1.],[1. 1. 0.],[1. 1. 0.],,-0.9922249502755368
[1. 0. 0.],[0. 1. 1.],[1. 1. 0.],,-2.0995689824338974
[0. 1. 1.],[1. 0. 0.],[1. 0. 1.],,-0.7643843051720699
[1. 0. 0.],[0. 1. 0.],[0. 1. 0.],,-0.8906901643661691
[0. 1. 1.],[0. 0. 1.],[1. 0. 1.],[1. 1. 0.],-0.41032777055324493
[1. 0. 0.],[1. 0. 0.],[1. 0. 0.],[0. 1. 0.],-0.4667140689370322
[1. 0. 0.],[0. 1. 1.],[1. 1. 0.],[0. 1. 1.],-0.30055250214111057
[1. 0. 0.],[1. 1. 1.],[0. 1. 0.],[1. 0. 0.],-1.1440632801355466
[1. 0. 0.],[0. 1. 0.],[0. 0. 1.],,-0.9112547688816138
[0. 1. 1.],[1. 0. 0.],[0. 0. 1.],[0. 1. 0.],-1.016696087535792
[0. 1. 1.],[1. 1. 0.],[1. 1. 0.],,-0.9922249502755368
[1. 0. 0.],[0. 1. 1.],[1. 1. 0.],,-2.0995689824338974
[0. 1. 1.],[1. 0. 0.],[1. 0. 1.],,-0.7643843051720699
[1. 0. 0.],[0. 1. 0.],[0. 1. 0.],,-0.8906901643661691
[0. 1. 1.],[0. 0. 1.],[1. 0. 1.],[1. 1. 0.],-0.41032777055324493
[1. 0. 0.],[1. 0. 0.],[1. 0. 0.],[0. 1. 0.],-0.4667140689370322
[1. 0. 0.],[0. 1. 1.],[1. 1. 0.],[0. 1. 1.],-0.30055250214111057
[1. 0. 0.],[1. 1. 1.],[0. 1. 0.],[1. 0. 0.],-1.1440632801355466
[1. 0. 0.],[0. 1. 0.],[0. 0. 1.],,-0.9112547688816138
[0. 1. 1.],[1. 0. 0.],[0. 0. 1.],[0. 1. 0.],-1.016696087535792
[0. 1. 1.],[1. 1. 0.],[1. 1. 0.],,-0.9922249502755368
[1. 0. 0.],[0. 1. 1.],[1. 1. 0.],,-2.0995689824338974
[0. 1. 1.],[1. 0. 0.],[1. 0. 1.],,-0.7643843051720699
[1. 0. 0.],[0. 1. 0.],[0. 1. 0.],,-0.8906901643661691
[0. 1. 1.],[0. 0. 1.],[1. 0. 1.],[1. 1. 0.],-0.41032777055324493
[1. 0. 0.],[1. 0. 0.],[1. 0. 0.],[0. 1. 0.],-0.4667140689370322
[1. 0. 0.],[0. 1. 1.],[1. 1. 0.],[0. 1. 1.],-0.30055250214111057
[1. 0. 0.],[1. 1. 1.],[0. 1. 0.],[1. 0. 0.],-1.1440632801355466
[1. 0. 0.],[0. 1. 0.],[0. 0. 1.],,-0.9112547688816138
[0. 1. 1.],[1. 0. 0.],[0. 0. 1.],[0. 1. 0.],-1.016696087535792
[0. 1. 1.],[1. 1. 0.],[1. 1. 0.],,-0.9922249502755368
[1. 0. 0.],[0. 1. 1.],[1. 1. 0.],,-2.0995689824338974
[0. 1. 1.],[1. 0. 0.],[1. 0. 1.],,-0.7643843051720699
[1. 0. 0.],[0. 1. 0.],[0. 1. 0.],,-0.8906901643661691
[0. 1. 1.],[0. 0. 1.],[1. 0. 1.],[1. 1. 0.],-0.41032777055324493
[1. 0. 0.],[1. 0. 0.],[1. 0. 0.],[0. 1. 0.],-0.4667140689370322
[1. 0. 0.],[0. 1. 1.],[1. 1. 0.],[0. 1. 1.],-0.30055250214111057
[1. 0. 0.],[1. 1. 1.],[0. 1. 0.],[1. 0. 0.],-1.1440632801355466
[1. 0. 0.],[0. 1. 0.],[0. 0. 1.],,-0.9112547688816138
[0. 1. 1.],[1. 0. 0.],[0. 0. 1.],[0. 1. 0.],-1.016696087535792
[0. 1. 1.],[1. 1. 0.],[1. 1. 0.],,-0.9922249502755368
[1. 0. 0.],[0. 1. 1.],[1. 1. 0.],,-2.0995689824338974
[0. 1. 1.],[1. 0. 0.],[1. 0. 1.],,-0.7643843051720699
[1. 0. 0.],[0. 1. 0.],[0. 1. 0.],,-0.8906901643661691
[0. 1. 1.],[0. 0. 1.],[1. 0. 1.],[1. 1. 0.],-0.41032777055324493
[1. 0. 0.],[1. 0. 0.],[1. 0. 0.],[0. 1. 0.],-0.4667140689370322
[1. 0. 0.],[0. 1. 1.],[1. 1. 0.],[0. 1. 1.],-0.30055250214111057
[1. 0. 0.],[1. 1. 1.],[0. 1. 0.],[1. 0. 0.],-1.1440632801355466
[1. 0. 0.],[0. 1. 0.],[0. 0. 1.],,-0.9112547688816138
[0. 1. 1.],[1. 0. 0.],[0. 0. 1.],[0. 1. 0.],-1.016696087535792
[0. 1. 1.],[1. 1. 0.],[1. 1. 0.],,-0.9922249502755368
[1. 0. 0.],[0. 1. 1.],[1. 1. 0.],,-2.0995689824338974
[0. 1. 1.],[1. 0. 0.],[1. 0. 1.],,-0.7643843051720699
[1. 0. 0.],[0. 1. 0.],[0. 1. 0.],,-0.8906901643661691
[0. 1. 1.],[0. 0. 1.],[1. 0. 1.],[1. 1. 0.],-0.41032777055324493
[1. 0. 0.],[1. 0. 0.],[1. 0. 0.],[0. 1. 0.],-0.4667140689370322
[1. 0. 0.],[0. 1. 1.],[1. 1. 0.],[0. 1. 1.],-0.30055250214111057
[1. 0. 0.],[1. 1. 1.],[0. 1. 0.],[1. 0. 0.],-1.1440632801355466
[1. 0. 0.],[0. 1. 0.],[0. 1. 1.],,-0.9640353712289083
[0. 1. 1.],[1. 0. 0.],[0. 0. 1.],[0. 1. 0.],-1.016696087535792
[0. 1. 1.],[1. 1. 0.],[1. 1. 0.],,-0.9922249502755368
[1. 0. 0.],[0. 1. 1.],[1. 1. 0.],,-2.0995689824338974
[0. 1. 1.],[1. 0. 0.],[1. 0. 1.],,-0.7643843051720699
[1. 0. 0.],[0. 1. 0.],[0. 1. 0.],,-0.8906901643661691
[0. 1. 1.],[0. 0. 1.],[1. 0. 1.],[1. 1. 0.],-0.41032777055324493
[1. 0. 0.],[1. 0. 0.],[1. 0. 0.],[0. 1. 0.],-0.4667140689370322
[1. 0. 0.],[0. 1. 1.],[1. 1. 0.],[0. 1. 1.],-0.30055250214111057
[1. 0. 0.],[1. 1. 1.],[0. 1. 0.],[1. 0. 0.],-1.1440632801355466
[1. 0. 0.],[0. 1. 0.],[0. 1. 1.],,-0.9640353712289083
[0. 1. 1.],[1. 0. 0.],[0. 0. 1.],[0. 1. 0.],-1.016696087535792
[0. 1. 1.],[1. 1. 0.],[1. 1. 0.],,-0.9922249502755368
[1. 0. 0.],[0. 1. 1.],[1. 1. 0.],,-2.0995689824338974
[0. 1. 1.],[1. 0. 0.],[1. 0. 1.],,-0.7643843051720699
[1. 0. 0.],[0. 1. 0.],[0. 1. 0.],,-0.8906901643661691
[0. 1. 1.],[0. 0. 1.],[1. 0. 1.],[1. 1. 0.],-0.41032777055324493
[1. 0. 0.],[1. 0. 0.],[1. 0. 0.],[0. 1. 0.],-0.4667140689370322
[1. 0. 0.],[0. 1. 1.],[1. 1. 0.],[0. 1. 1.],-0.30055250214111057
[1. 0. 0.],[1. 1. 1.],[0. 1. 0.],[1. 0. 0.],-1.1440632801355466
[1. 0. 0.],[0. 1. 0.],[0. 1. 1.],,-0.9640353712289083
[0. 1. 1.],[1. 0. 0.],[0. 0. 1.],[0. 1. 0.],-1.016696087535792
[0. 1. 1.],[1. 1. 0.],[1. 1. 0.],,-0.9922249502755368
[1. 0. 0.],[0. 1. 1.],[1. 1. 0.],,-2.0995689824338974
[0. 1. 1.],[1. 0. 0.],[1. 0. 1.],,-0.7643843051720699
[1. 0. 0.],[0. 1. 0.],[0. 1. 0.],,-0.8906901643661691
[0. 1. 1.],[0. 0. 1.],[1. 0. 1.],[1. 1. 0.],-0.41032777055324493
[1. 0. 0.],[1. 0. 0.],[1. 0. 0.],[0. 1. 0.],-0.4667140689370322
[1. 0. 0.],[0. 1. 1.],[1. 0. 0.],[0. 1. 1.],-0.31465048672123097
[1. 0. 0.],[1. 1. 1.],[0. 1. 0.],[1. 0. 0.],-1.1440632801355466
[1. 0. 0.],[0. 1. 0.],[0. 1. 1.],,-0.9640353712289083
[0. 1. 1.],[1. 0. 0.],[0. 0. 1.],[0. 1. 0.],-1.016696087535792
[0. 1. 1.],[1. 1. 0.],[1. 1. 0.],,-0.9922249502755368
[1. 0. 0.],[0. 1. 1.],[1. 1. 0.],,-2.0995689824338974
[0. 1. 1.],[1. 0. 0.],[1. 0. 1.],,-0.7643843051720699
[1. 0. 0.],[0. 1. 0.],[0. 1. 0.],,-0.8906901643661691
[0. 1. 1.],[0. 0. 1.],[1. 0. 1.],[1. 1. 0.],-0.41032777055324493
[1. 0. 0.],[1. 0. 0.],[1. 0. 0.],[0. 1. 0.],-0.4667140689370322
[1. 0. 0.],[0. 1. 1.],[1. 0. 0.],[0. 1. 1.],-0.31465048672123097
[1. 0. 0.],[1. 1. 1.],[0. 1. 0.],[1. 0. 0.],-1.1440632801355466
[1. 0. 0.],[0. 1. 0.],[0. 1. 1.],,-0.9640353712289083
[0. 1. 1.],[1. 0. 0.],[0. 0. 1.],[0. 1. 0.],-1.016696087535792
[0. 1. 1.],[1. 1. 0.],[1. 1. 0.],,-0.9922249502755368
[1. 0. 0.],[0. 1. 1.],[1. 1. 0.],,-2.0995689824338974
[0. 1. 1.],[1. 0. 0.],[1. 0. 1.],,-0.7643843051720699
[1. 0. 0.],[0. 1. 0.],[0. 1. 0.],,-0.8906901643661691
[0. 1. 1.],[0. 0. 1.],[1. 0. 1.],[1. 1. 0.],-0.41032777055324493
[1. 0. 0.],[1. 0. 0.],[1. 0. 0.],[0. 1. 0.],-0.4667140689370322
[1. 0. 0.],[0. 1. 1.],[1. 0. 0.],[0. 1. 1.],-0.31465048672123097
[1. 0. 0.],[1. 1. 1.],[0. 1. 0.],[1. 0. 0.],-1.1440632801355466
[1. 0. 0.],[0. 1. 0.],[0. 1. 1.],,-0.9640353712289083
[0. 1. 1.],[1. 0. 0.],[0. 0. 1.],[0. 1. 0.],-1.016696087535792
[0. 1. 1.],[1. 1. 0.],[1. 1. 0.],,-0.9922249502755368
[1. 0. 0.],[0. 1. 1.],[1. 1. 0.],,-2.0995689824338974
[0. 1. 1.],[1. 0. 0.],[1. 0. 1.],,-0.7643843051720699
[1. 0. 0.],[0. 1. 0.],[0. 1. 0.],,-0.8906901643661691
[0. 1. 1.],[0. 0. 1.],[1. 0. 1.],[1. 1. 0.],-0.41032777055324493
[1. 0. 0.],[1. 0. 0.],[1. 0. 0.],[0. 1. 0.],-0.4667140689370322
[1. 0. 0.],[0. 1. 1.],[1. 0. 0.],[0. 1. 1.],-0.31465048672123097
[1. 0. 0.],[1. 1. 1.],[0. 1. 0.],[1. 0. 0.],-1.1440632801355466
[1. 0. 0.],[0. 1. 0.],[0. 1. 1.],,-0.9640353712289083
[0. 1. 1.],[1. 0. 0.],[0. 0. 1.],[0. 1. 0.],-1.016696087535792
[0. 1. 1.],[1. 1. 0.],[1. 1. 0.],,-0.9922249502755368
[1. 0. 0.],[0. 1. 1.],[1. 1. 0.],,-2.0995689824338974
[0. 1. 1.],[1. 0. 0.],[1. 0. 1.],,-0.7643843051720699
[1. 0. 0.],[0. 1. 0.],[0. 1. 0.],,-0.8906901643661691
[0. 1. 1.],[0. 0. 1.],[1. 0. 1.],[1. 1. 0.],-0.41032777055324493
[1. 0. 0.],[1. 0. 0.],[1. 0. 0.],[0. 1. 0.],-0.4667140689370322
[1. 0. 0.],[0. 1. 1.],[1. 0. 0.],[0. 1. 1.],-0.31465048672123097
[1. 0. 0.],[1. 1. 1.],[0. 1. 0.],[1. 0. 0.],-1.1440632801355466
[1. 0. 0.],[0. 1. 0.],[0. 1. 1.],,-0.9640353712289083
[0. 1. 1.],[1. 0. 0.],[0. 0. 1.],[0. 1. 0.],-1.016696087535792
[0. 1. 1.],[1. 1. 0.],[1. 1. 0.],,-0.9922249502755368
[1. 0. 0.],[0. 1. 1.],[1. 1. 0.],,-2.0995689824338974
[0. 1. 1.],[1. 0. 0.],[1. 0. 1.],,-0.7643843051720699
[1. 0. 0.],[0. 1. 0.],[0. 1. 0.],,-0.8906901643661691
[0. 1. 1.],[0. 0. 1.],[1. 0. 1.],[1. 1. 0.],-0.41032777055324493
[1. 0. 0.],[1. 0. 0.],[1. 0. 0.],[0. 1. 0.],-0.4667140689370322
[1. 0. 0.],[0. 1. 1.],[1. 0. 0.],[0. 1. 1.],-0.31465048672123097
[1. 0. 0.],[1. 1. 1.],[0. 1. 0.],[1. 0. 0.],-1.1440632801355466
[1. 0. 0.],[0. 1. 0.],[0. 1. 1.],,-0.9640353712289083
[0. 1. 1.],[1. 0. 0.],[0. 0. 1.],[0. 1. 0.],-1.016696087535792
[0. 1. 1.],[1. 1. 0.],[1. 1. 0.],,-0.9922249502755368
[1. 0. 0.],[0. 1. 1.],[1. 1. 0.],,-2.0995689824338974
[0. 1. 1.],[1. 0. 0.],[1. 0. 1.],,-0.7643843051720699
[1. 0. 0.],[0. 1. 0.],[0. 1. 0.],,-0.8906901643661691
[0. 1. 1.],[0. 0. 1.],[1. 0. 1.],[1. 1. 0.],-0.41032777055324493
[1. 0. 0.],[1. 0. 0.],[1. 0. 0.],[0. 1. 0.],-0.4667140689370322
[1. 0. 0.],[0. 1. 1.],[1. 0. 0.],[0. 1. 1.],-0.31465048672123097
[1. 0. 0.],[1. 1. 1.],[0. 1. 0.],[1. 0. 0.],-1.1440632801355466
[1. 0. 0.],[0. 1. 0.],[0. 1. 1.],,-0.9640353712289083
[0. 1. 1.],[1. 0. 0.],[0. 0. 1.],[0. 1. 0.],-1.016696087535792
[0. 1. 1.],[1. 1. 0.],[1. 1. 0.],,-0.9922249502755368
[1. 0. 0.],[0. 1. 1.],[1. 1. 0.],,-2.0995689824338974
[0. 1. 1.],[1. 0. 0.],[1. 0. 1.],,-0.7643843051720699
[1. 0. 0.],[0. 1. 0.],[0. 1. 0.],,-0.8906901643661691
[0. 1. 1.],[0. 0. 1.],[1. 0. 1.],[1. 1. 0.],-0.41032777055324493
[1. 0. 0.],[1. 0. 0.],[1. 0. 0.],[0. 1. 0.],-0.4667140689370322
[1. 0. 0.],[0. 1. 1.],[1. 0. 0.],[0. 1. 1.],-0.31465048672123097
[1. 0. 0.],[1. 1. 1.],[0. 1. 0.],[1. 0. 0.],-1.1440632801355466
[1. 0. 0.],[0. 1. 0.],[0. 1. 1.],,-0.9640353712289083
[0. 1. 1.],[1. 0. 0.],[0. 0. 1.],[0. 1. 0.],-1.016696087535792
[0. 1. 1.],[1. 1. 0.],[1. 1. 0.],,-0.9922249502755368
[1. 0. 0.],[0. 1. 1.],[1. 1. 0.],,-2.0995689824338974
[0. 1. 1.],[1. 0. 0.],[1. 0. 1.],,-0.7643843051720699
[1. 0. 0.],[0. 1. 0.],[0. 1. 0.],,-0.8906901643661691
[0. 1. 1.],[0. 0. 1.],[1. 0. 1.],[1. 1. 0.],-0.41032777055324493
[1. 0. 0.],[1. 0. 0.],[1. 0. 0.],[0. 1. 0.],-0.4667140689370322
[1. 0. 0.],[0. 1. 1.],[1. 0. 0.],[0. 1. 1.],-0.31465048672123097
[1. 0. 0.],[1. 1. 1.],[0. 1. 0.],[1. 0. 0.],-1.1440632801355466
[1. 0. 0.],[0. 1. 0.],[0. 1. 1.],,-0.9640353712289083
[0. 1. 1.],[1. 0. 0.],[0. 0. 1.],[0. 1. 0.],-1.016696087535792
[0. 1. 1.],[1. 1. 0.],[1. 1. 0.],,-0.9922249502755368
[1. 0. 0.],[0. 1. 1.],[1. 1. 0.],,-2.0995689824338974
[0. 1. 1.],[1. 0. 0.],[1. 0. 1.],,-0.7643843051720699
[1. 0. 0.],[0. 1. 0.],[0. 1. 0.],,-0.8906901643661691
[0. 1. 1.],[0. 0. 1.],[1. 0. 1.],[1. 1. 0.],-0.41032777055324493
[1. 0. 0.],[1. 0. 0.],[1. 0. 0.],[0. 1. 0.],-0.4667140689370322
[1. 0. 0.],[0. 1. 1.],[1. 0. 0.],[0. 1. 1.],-0.31465048672123097
[1. 0. 0.],[1. 1. 1.],[0. 1. 0.],[1. 0. 0.],-1.1440632801355466
[1. 0. 0.],[0. 1. 0.],[0. 1. 1.],,-0.9640353712289083
[0. 1. 1.],[1. 0. 0.],[0. 0. 1.],[0. 1. 0.],-1.016696087535792
[0. 1. 1.],[1. 1. 0.],[1. 1. 0.],,-0.9922249502755368
[1. 0. 0.],[0. 1. 1.],[1. 1. 0.],,-2.0995689824338974
[0. 1. 1.],[1. 0. 0.],[1. 0. 1.],,-0.7643843051720699
[1. 0. 0.],[0. 1. 0.],[0. 1. 0.],,-0.8906901643661691
[0. 1. 1.],[0. 0. 1.],[1. 0. 1.],[1. 1. 0.],-0.41032777055324493
[1. 0. 0.],[1. 0. 0.],[1. 0. 0.],[0. 1. 0.],-0.4667140689370322
[1. 0. 0.],[0. 1. 1.],[1. 0. 0.],[0. 1. 1.],-0.31465048672123097
[1. 0. 0.],[1. 1. 1.],[0. 1. 0.],[1. 0. 0.],-1.1440632801355466
[1. 0. 0.],[0. 1. 0.],[0. 1. 1.],,-0.9640353712289083
[0. 1. 1.],[1. 0. 0.],[0. 0. 1.],[0. 1. 0.],-1.016696087535792
[0. 1. 1.],[1. 1. 0.],[1. 1. 0.],,-0.9922249502755368
[1. 0. 0.],[0. 1. 1.],[1. 1. 0.],,-2.0995689824338974
[0. 1. 1.],[1. 0. 0.],[1. 0. 1.],,-0.7643843051720699
[1. 0. 0.],[0. 1. 0.],[0. 1. 0.],,-0.8906901643661691
[0. 1. 1.],[0. 0. 1.],[1. 0. 1.],[1. 1. 0.],-0.41032777055324493
[1. 0. 0.],[1. 0. 0.],[1. 0. 0.],[0. 1. 0.],-0.4667140689370322
[1. 0. 0.],[0. 1. 1.],[1. 0. 0.],[0. 1. 1.],-0.31465048672123097
[1. 0. 0.],[1. 1. 1.],[0. 1. 0.],[1. 0. 0.],-1.1440632801355466
[1. 0. 0.],[0. 1. 0.],[0. 1. 1.],,-0.9640353712289083
[0. 1. 1.],[1. 0. 0.],[0. 0. 1.],[0. 1. 0.],-1.016696087535792
[0. 1. 1.],[1. 1. 0.],[1. 1. 0.],,-0.9922249502755368
[1. 0. 0.],[0. 1. 1.],[1. 1. 0.],,-2.0995689824338974
[0. 1. 1.],[1. 0. 0.],[1. 0. 1.],,-0.7643843051720699
[1. 0. 0.],[0. 1. 0.],[0. 1. 0.],,-0.9883115328637296
[0. 1. 1.],[0. 0. 1.],[1. 0. 1.],[1. 1. 1.],-0.4645375469027928
[1. 0. 0.],[1. 0. 0.],[1. 0. 0.],[0. 1. 0.],-0.4667140689370322
[1. 0. 0.],[0. 1. 1.],[1. 0. 0.],[0. 1. 1.],-0.31465048672123097
[1. 0. 0.],[1. 1. 1.],[0. 1. 0.],[1. 0. 0.],-1.1440632801355466
[1. 0. 0.],[0. 1. 0.],[0. 1. 1.],,-0.9640353712289083
[0. 1. 1.],[1. 0. 0.],[0. 0. 1.],[0. 1. 0.],-1.016696087535792
[0. 1. 1.],[1. 1. 0.],[1. 1. 0.],,-0.9922249502755368
[1. 0. 0.],[0. 1. 1.],[1. 1. 0.],,-2.0995689824338974
[0. 1. 1.],[1. 0. 0.],[1. 0. 1.],,-0.7643843051720699
[1. 0. 0.],[0. 1. 0.],[0. 1. 0.],,-0.9883115328637296
[0. 1. 1.],[0. 0. 1.],[1. 0. 1.],[1. 1. 1.],-0.4645375469027928
[1. 0. 0.],[1. 0. 0.],[1. 0. 0.],[1. 1. 0.],-0.4872600459242862
[1. 0. 0.],[0. 1. 1.],[1. 0. 0.],[0. 1. 1.],-0.31465048672123097
[1. 0. 0.],[1. 1. 1.],[0. 1. 0.],[1. 0. 0.],-1.1440632801355466
[1. 0. 0.],[0. 1. 0.],[0. 1. 1.],,-0.9640353712289083
[0. 1. 1.],[1. 0. 0.],[0. 0. 1.],[0. 1. 0.],-1.016696087535792
[0. 1. 1.],[1. 1. 0.],[1. 1. 0.],,-0.9922249502755368
[1. 0. 0.],[0. 1. 1.],[1. 1. 0.],,-2.0995689824338974
[0. 1. 1.],[1. 0. 0.],[1. 0. 1.],,-0.7643843051720699
[1. 0. 0.],[0. 1. 0.],[0. 1. 0.],,-0.9883115328637296
[0. 1. 1.],[0. 0. 1.],[1. 0. 1.],[1. 1. 1.],-0.4645375469027928
[1. 0. 0.],[1. 0. 0.],[1. 0. 0.],[1. 1. 0.],-0.4872600459242862
[1. 0. 0.],[0. 1. 1.],[1. 0. 0.],[0. 1. 1.],-0.31465048672123097
[1. 0. 0.],[1. 1. 1.],[0. 1. 0.],[1. 0. 0.],-1.1440632801355466
[1. 0. 0.],[0. 1. 0.],[0. 1. 1.],,-0.9640353712289083
[0. 1. 1.],[1. 0. 0.],[0. 0. 1.],[0. 1. 0.],-1.016696087535792
[0. 1. 1.],[1. 1. 0.],[1. 1. 0.],,-0.9922249502755368
[1. 0. 0.],[0. 1. 1.],[1. 1. 0.],,-2.0995689824338974
[0. 1. 1.],[1. 0. 0.],[1. 0. 1.],,-0.7643843051720699
[1. 0. 0.],[0. 1. 0.],[0. 1. 1.],,-1.0445586076991984
[0. 1. 1.],[0. 0. 1.],[1. 0. 1.],[1. 1. 1.],-0.4645375469027928
[1. 0. 0.],[1. 0. 0.],[1. 0. 0.],[1. 1. 0.],-0.4872600459242862
[1. 0. 0.],[0. 1. 1.],[1. 0. 0.],[0. 1. 1.],-0.31465048672123097
[1. 0. 0.],[1. 1. 1.],[0. 1. 0.],[1. 0. 0.],-1.1440632801355466
[1. 0. 0.],[0. 1. 0.],[0. 1. 1.],,-0.9640353712289083
[0. 1. 1.],[1. 0. 0.],[0. 0. 1.],[0. 1. 0.],-1.016696087535792
[0. 1. 1.],[1. 1. 0.],[1. 1. 0.],,-0.9922249502755368
[1. 0. 0.],[0. 1. 1.],[1. 1. 0.],,-2.0995689824338974
[0. 1. 1.],[1. 0. 0.],[1. 0. 1.],,-0.7643843051720699
[1. 0. 0.],[0. 1. 0.],[0. 1. 1.],,-1.0445586076991984
[0. 1. 1.],[0. 0. 1.],[1. 0. 1.],[1. 1. 1.],-0.4645375469027928
[1. 0. 0.],[1. 0. 0.],[1. 0. 0.],[1. 1. 0.],-0.4872600459242862
[1. 0. 0.],[0. 1. 1.],[1. 0. 0.],[0. 1. 1.],-0.31465048672123097
[1. 0. 0.],[1. 1. 1.],[0. 1. 0.],[1. 0. 0.],-1.1440632801355466
[1. 0. 0.],[0. 1. 0.],[0. 1. 1.],,-0.9640353712289083
[0. 1. 1.],[1. 0. 0.],[0. 0. 1.],[0. 1. 0.],-1.016696087535792
[0. 1. 1.],[1. 1. 0.],[1. 1. 0.],,-0.9922249502755368
[1. 0. 0.],[0. 1. 1.],[1. 1. 0.],,-2.0995689824338974
[0. 1. 1.],[1. 0. 0.],[1. 0. 1.],,-0.7643843051720699
[1. 0. 0.],[0. 1. 0.],[0. 1. 1.],,-1.0445586076991984
[0. 1. 1.],[0. 0. 1.],[1. 0. 1.],[1. 1. 1.],-0.4645375469027928
[1. 0. 0.],[1. 0. 0.],[1. 0. 0.],[1. 1. 0.],-0.4872600459242862
[1. 0. 0.],[0. 1. 1.],[1. 0. 0.],[0. 1. 1.],-0.31465048672123097
[1. 0. 0.],[1. 1. 1.],[0. 1. 0.],[1. 0. 0.],-1.1440632801355466
[1. 0. 0.],[0. 1. 0.],[0. 1. 1.],,-0.9640353712289083
[0. 1. 1.],[1. 0. 0.],[0. 0. 1.],[0. 1. 0.],-1.016696087535792
[0. 1. 1.],[1. 1. 0.],[1. 1. 0.],,-0.9922249502755368
[1. 0. 0.],[0. 1. 1.],[1. 1. 0.],,-2.0995689824338974
[0. 1. 1.],[1. 0. 0.],[1. 0. 1.],,-0.7643843051720699
[1. 0. 0.],[0. 1. 0.],[0. 1. 1.],,-1.0445586076991984
[0. 1. 1.],[0. 0. 1.],[1. 0. 1.],[1. 1. 1.],-0.4645375469027928
[1. 0. 0.],[1. 0. 0.],[1. 0. 0.],[1. 1. 0.],-0.4872600459242862
[1. 0. 0.],[0. 1. 1.],[1. 0. 0.],[0. 1. 1.],-0.31465048672123097
[1. 0. 0.],[1. 1. 1.],[0. 1. 0.],[1. 0. 0.],-1.1440632801355466
[1. 0. 0.],[0. 1. 0.],[0. 1. 1.],,-0.9640353712289083
[0. 1. 1.],[1. 0. 0.],[0. 0. 1.],[0. 1. 0.],-1.016696087535792
[0. 1. 1.],[1. 1. 0.],[1. 1. 0.],,-0.9922249502755368
[1. 0. 0.],[0. 1. 1.],[1. 1. 0.],,-2.0995689824338974
[0. 1. 1.],[1. 0. 0.],[1. 0. 1.],,-0.7643843051720699
[1. 0. 0.],[0. 1. 0.],[0. 1. 1.],,-1.0445586076991984
[0. 1. 1.],[0. 0. 1.],[1. 0. 1.],[1. 1. 1.],-0.4645375469027928
[1. 0. 0.],[1. 0. 0.],[1. 0. 0.],[1. 1. 0.],-0.4872600459242862
[1. 0. 0.],[0. 1. 1.],[1. 0. 0.],[0. 1. 1.],-0.31465048672123097
